benchmark,treatment,run_id,analysis,fitness
chg_env,ED0_AS1_ENV16_TSK0,701,fdom,15.88
chg_env,ED0_AS1_ENV16_TSK0,702,fdom,16.76
chg_env,ED0_AS1_ENV16_TSK0,703,fdom,24.97
chg_env,ED0_AS1_ENV16_TSK0,704,fdom,24.93
chg_env,ED0_AS1_ENV16_TSK0,705,fdom,24.87
chg_env,ED0_AS1_ENV16_TSK0,706,fdom,26.68
chg_env,ED0_AS1_ENV16_TSK0,707,fdom,26.85
chg_env,ED0_AS1_ENV16_TSK0,708,fdom,22.16
chg_env,ED0_AS1_ENV16_TSK0,709,fdom,16.17
chg_env,ED0_AS1_ENV16_TSK0,710,fdom,15.94
chg_env,ED0_AS1_ENV16_TSK0,711,fdom,31.6
chg_env,ED0_AS1_ENV16_TSK0,712,fdom,13.68
chg_env,ED0_AS1_ENV16_TSK0,713,fdom,23.08
chg_env,ED0_AS1_ENV16_TSK0,714,fdom,15.71
chg_env,ED0_AS1_ENV16_TSK0,715,fdom,16.09
chg_env,ED0_AS1_ENV16_TSK0,716,fdom,19.68
chg_env,ED0_AS1_ENV16_TSK0,717,fdom,14.18
chg_env,ED0_AS1_ENV16_TSK0,718,fdom,22.53
chg_env,ED0_AS1_ENV16_TSK0,719,fdom,15.55
chg_env,ED0_AS1_ENV16_TSK0,720,fdom,15.05
chg_env,ED0_AS1_ENV16_TSK0,721,fdom,19.68
chg_env,ED0_AS1_ENV16_TSK0,722,fdom,30.34
chg_env,ED0_AS1_ENV16_TSK0,723,fdom,23.72
chg_env,ED0_AS1_ENV16_TSK0,724,fdom,23.16
chg_env,ED0_AS1_ENV16_TSK0,725,fdom,35.22
chg_env,ED0_AS1_ENV16_TSK0,726,fdom,22.62
chg_env,ED0_AS1_ENV16_TSK0,727,fdom,15.92
chg_env,ED0_AS1_ENV16_TSK0,728,fdom,20.2
chg_env,ED0_AS1_ENV16_TSK0,729,fdom,23.56
chg_env,ED0_AS1_ENV16_TSK0,730,fdom,16.19
chg_env,ED0_AS1_ENV16_TSK0,731,fdom,21.14
chg_env,ED0_AS1_ENV16_TSK0,732,fdom,23.25
chg_env,ED0_AS1_ENV16_TSK0,733,fdom,31.68
chg_env,ED0_AS1_ENV16_TSK0,734,fdom,31.58
chg_env,ED0_AS1_ENV16_TSK0,735,fdom,15.89
chg_env,ED0_AS1_ENV16_TSK0,736,fdom,28.02
chg_env,ED0_AS1_ENV16_TSK0,737,fdom,24.4
chg_env,ED0_AS1_ENV16_TSK0,738,fdom,31.58
chg_env,ED0_AS1_ENV16_TSK0,739,fdom,27.04
chg_env,ED0_AS1_ENV16_TSK0,740,fdom,15.71
chg_env,ED0_AS1_ENV16_TSK0,741,fdom,21.84
chg_env,ED0_AS1_ENV16_TSK0,742,fdom,26.09
chg_env,ED0_AS1_ENV16_TSK0,743,fdom,20.92
chg_env,ED0_AS1_ENV16_TSK0,744,fdom,15.85
chg_env,ED0_AS1_ENV16_TSK0,745,fdom,15.84
chg_env,ED0_AS1_ENV16_TSK0,746,fdom,23.38
chg_env,ED0_AS1_ENV16_TSK0,747,fdom,20.56
chg_env,ED0_AS1_ENV16_TSK0,748,fdom,16.12
chg_env,ED0_AS1_ENV16_TSK0,749,fdom,21.96
chg_env,ED0_AS1_ENV16_TSK0,750,fdom,15.54
chg_env,ED0_AS1_ENV16_TSK0,751,fdom,31.11
chg_env,ED0_AS1_ENV16_TSK0,752,fdom,21.82
chg_env,ED0_AS1_ENV16_TSK0,753,fdom,25.54
chg_env,ED0_AS1_ENV16_TSK0,754,fdom,20.67
chg_env,ED0_AS1_ENV16_TSK0,755,fdom,20.49
chg_env,ED0_AS1_ENV16_TSK0,756,fdom,16.07
chg_env,ED0_AS1_ENV16_TSK0,757,fdom,16.31
chg_env,ED0_AS1_ENV16_TSK0,758,fdom,15.57
chg_env,ED0_AS1_ENV16_TSK0,759,fdom,16.72
chg_env,ED0_AS1_ENV16_TSK0,760,fdom,21.34
chg_env,ED0_AS1_ENV16_TSK0,761,fdom,16.6
chg_env,ED0_AS1_ENV16_TSK0,762,fdom,31.82
chg_env,ED0_AS1_ENV16_TSK0,763,fdom,28.46
chg_env,ED0_AS1_ENV16_TSK0,764,fdom,16.18
chg_env,ED0_AS1_ENV16_TSK0,765,fdom,19.37
chg_env,ED0_AS1_ENV16_TSK0,766,fdom,16.17
chg_env,ED0_AS1_ENV16_TSK0,767,fdom,15.81
chg_env,ED0_AS1_ENV16_TSK0,768,fdom,15.85
chg_env,ED0_AS1_ENV16_TSK0,769,fdom,32.14
chg_env,ED0_AS1_ENV16_TSK0,770,fdom,18.68
chg_env,ED0_AS1_ENV16_TSK0,771,fdom,16.82
chg_env,ED0_AS1_ENV16_TSK0,772,fdom,16.32
chg_env,ED0_AS1_ENV16_TSK0,773,fdom,28.96
chg_env,ED0_AS1_ENV16_TSK0,774,fdom,19.62
chg_env,ED0_AS1_ENV16_TSK0,775,fdom,20.77
chg_env,ED0_AS1_ENV16_TSK0,776,fdom,14.51
chg_env,ED0_AS1_ENV16_TSK0,777,fdom,15.42
chg_env,ED0_AS1_ENV16_TSK0,778,fdom,22.43
chg_env,ED0_AS1_ENV16_TSK0,779,fdom,23.01
chg_env,ED0_AS1_ENV16_TSK0,780,fdom,26.8
chg_env,ED0_AS1_ENV16_TSK0,781,fdom,15.82
chg_env,ED0_AS1_ENV16_TSK0,782,fdom,30.84
chg_env,ED0_AS1_ENV16_TSK0,783,fdom,22.47
chg_env,ED0_AS1_ENV16_TSK0,784,fdom,16.67
chg_env,ED0_AS1_ENV16_TSK0,785,fdom,22.03
chg_env,ED0_AS1_ENV16_TSK0,786,fdom,16.73
chg_env,ED0_AS1_ENV16_TSK0,787,fdom,22.97
chg_env,ED0_AS1_ENV16_TSK0,788,fdom,25.22
chg_env,ED0_AS1_ENV16_TSK0,789,fdom,23.58
chg_env,ED0_AS1_ENV16_TSK0,790,fdom,19.19
chg_env,ED0_AS1_ENV16_TSK0,791,fdom,23.12
chg_env,ED0_AS1_ENV16_TSK0,792,fdom,40.94
chg_env,ED0_AS1_ENV16_TSK0,793,fdom,16.23
chg_env,ED0_AS1_ENV16_TSK0,794,fdom,18.83
chg_env,ED0_AS1_ENV16_TSK0,795,fdom,15.63
chg_env,ED0_AS1_ENV16_TSK0,796,fdom,19.34
chg_env,ED0_AS1_ENV16_TSK0,797,fdom,25.09
chg_env,ED0_AS1_ENV16_TSK0,798,fdom,18.97
chg_env,ED0_AS1_ENV16_TSK0,799,fdom,18.99
chg_env,ED0_AS1_ENV16_TSK0,800,fdom,15.8
chg_env,ED0_AS1_ENV2_TSK0,401,fdom,198.69
chg_env,ED0_AS1_ENV2_TSK0,402,fdom,178.48
chg_env,ED0_AS1_ENV2_TSK0,403,fdom,221.43
chg_env,ED0_AS1_ENV2_TSK0,404,fdom,197.15
chg_env,ED0_AS1_ENV2_TSK0,405,fdom,223.39
chg_env,ED0_AS1_ENV2_TSK0,406,fdom,200.42
chg_env,ED0_AS1_ENV2_TSK0,407,fdom,201.36
chg_env,ED0_AS1_ENV2_TSK0,408,fdom,222.52
chg_env,ED0_AS1_ENV2_TSK0,409,fdom,223.99
chg_env,ED0_AS1_ENV2_TSK0,410,fdom,200.21
chg_env,ED0_AS1_ENV2_TSK0,411,fdom,198.02
chg_env,ED0_AS1_ENV2_TSK0,412,fdom,198.13
chg_env,ED0_AS1_ENV2_TSK0,413,fdom,199.18
chg_env,ED0_AS1_ENV2_TSK0,414,fdom,222.79
chg_env,ED0_AS1_ENV2_TSK0,415,fdom,194.9
chg_env,ED0_AS1_ENV2_TSK0,416,fdom,222.38
chg_env,ED0_AS1_ENV2_TSK0,417,fdom,188.62
chg_env,ED0_AS1_ENV2_TSK0,418,fdom,221.7
chg_env,ED0_AS1_ENV2_TSK0,419,fdom,222.59
chg_env,ED0_AS1_ENV2_TSK0,420,fdom,177.62
chg_env,ED0_AS1_ENV2_TSK0,421,fdom,218.16
chg_env,ED0_AS1_ENV2_TSK0,422,fdom,221.88
chg_env,ED0_AS1_ENV2_TSK0,423,fdom,197.16
chg_env,ED0_AS1_ENV2_TSK0,424,fdom,199.93
chg_env,ED0_AS1_ENV2_TSK0,425,fdom,221.56
chg_env,ED0_AS1_ENV2_TSK0,426,fdom,199.31
chg_env,ED0_AS1_ENV2_TSK0,427,fdom,224.22
chg_env,ED0_AS1_ENV2_TSK0,428,fdom,197.79
chg_env,ED0_AS1_ENV2_TSK0,429,fdom,223.48
chg_env,ED0_AS1_ENV2_TSK0,430,fdom,224.26
chg_env,ED0_AS1_ENV2_TSK0,431,fdom,197.54
chg_env,ED0_AS1_ENV2_TSK0,432,fdom,223.41
chg_env,ED0_AS1_ENV2_TSK0,433,fdom,222.67
chg_env,ED0_AS1_ENV2_TSK0,434,fdom,201.83
chg_env,ED0_AS1_ENV2_TSK0,435,fdom,200.16
chg_env,ED0_AS1_ENV2_TSK0,436,fdom,223.05
chg_env,ED0_AS1_ENV2_TSK0,437,fdom,199.84
chg_env,ED0_AS1_ENV2_TSK0,438,fdom,223.69
chg_env,ED0_AS1_ENV2_TSK0,439,fdom,196.51
chg_env,ED0_AS1_ENV2_TSK0,440,fdom,178.28
chg_env,ED0_AS1_ENV2_TSK0,441,fdom,224.1
chg_env,ED0_AS1_ENV2_TSK0,442,fdom,206.64
chg_env,ED0_AS1_ENV2_TSK0,443,fdom,202.76
chg_env,ED0_AS1_ENV2_TSK0,444,fdom,200.39
chg_env,ED0_AS1_ENV2_TSK0,445,fdom,199.43
chg_env,ED0_AS1_ENV2_TSK0,446,fdom,198.96
chg_env,ED0_AS1_ENV2_TSK0,447,fdom,199.01
chg_env,ED0_AS1_ENV2_TSK0,448,fdom,200.89
chg_env,ED0_AS1_ENV2_TSK0,449,fdom,198.67
chg_env,ED0_AS1_ENV2_TSK0,450,fdom,201.49
chg_env,ED0_AS1_ENV2_TSK0,451,fdom,222.72
chg_env,ED0_AS1_ENV2_TSK0,452,fdom,196.61
chg_env,ED0_AS1_ENV2_TSK0,453,fdom,200.22
chg_env,ED0_AS1_ENV2_TSK0,454,fdom,223.11
chg_env,ED0_AS1_ENV2_TSK0,455,fdom,128.28
chg_env,ED0_AS1_ENV2_TSK0,456,fdom,184.6
chg_env,ED0_AS1_ENV2_TSK0,457,fdom,199.2
chg_env,ED0_AS1_ENV2_TSK0,458,fdom,198.68
chg_env,ED0_AS1_ENV2_TSK0,459,fdom,223.08
chg_env,ED0_AS1_ENV2_TSK0,460,fdom,204.04
chg_env,ED0_AS1_ENV2_TSK0,461,fdom,223.38
chg_env,ED0_AS1_ENV2_TSK0,462,fdom,222.95
chg_env,ED0_AS1_ENV2_TSK0,463,fdom,222.18
chg_env,ED0_AS1_ENV2_TSK0,464,fdom,222.53
chg_env,ED0_AS1_ENV2_TSK0,465,fdom,198.67
chg_env,ED0_AS1_ENV2_TSK0,466,fdom,185.03
chg_env,ED0_AS1_ENV2_TSK0,467,fdom,223.25
chg_env,ED0_AS1_ENV2_TSK0,468,fdom,223.87
chg_env,ED0_AS1_ENV2_TSK0,469,fdom,223.21
chg_env,ED0_AS1_ENV2_TSK0,470,fdom,223.46
chg_env,ED0_AS1_ENV2_TSK0,471,fdom,224.13
chg_env,ED0_AS1_ENV2_TSK0,472,fdom,199.87
chg_env,ED0_AS1_ENV2_TSK0,473,fdom,201.38
chg_env,ED0_AS1_ENV2_TSK0,474,fdom,188.5
chg_env,ED0_AS1_ENV2_TSK0,475,fdom,224.23
chg_env,ED0_AS1_ENV2_TSK0,476,fdom,222.49
chg_env,ED0_AS1_ENV2_TSK0,477,fdom,184.96
chg_env,ED0_AS1_ENV2_TSK0,478,fdom,198.73
chg_env,ED0_AS1_ENV2_TSK0,479,fdom,199.6
chg_env,ED0_AS1_ENV2_TSK0,480,fdom,198.47
chg_env,ED0_AS1_ENV2_TSK0,481,fdom,222.98
chg_env,ED0_AS1_ENV2_TSK0,482,fdom,223.56
chg_env,ED0_AS1_ENV2_TSK0,483,fdom,197.03
chg_env,ED0_AS1_ENV2_TSK0,484,fdom,190.89
chg_env,ED0_AS1_ENV2_TSK0,485,fdom,197.81
chg_env,ED0_AS1_ENV2_TSK0,486,fdom,221.54
chg_env,ED0_AS1_ENV2_TSK0,487,fdom,217.08
chg_env,ED0_AS1_ENV2_TSK0,488,fdom,191.93
chg_env,ED0_AS1_ENV2_TSK0,489,fdom,198.05
chg_env,ED0_AS1_ENV2_TSK0,490,fdom,199.65
chg_env,ED0_AS1_ENV2_TSK0,491,fdom,223.52
chg_env,ED0_AS1_ENV2_TSK0,492,fdom,199.54
chg_env,ED0_AS1_ENV2_TSK0,493,fdom,201.08
chg_env,ED0_AS1_ENV2_TSK0,494,fdom,201.31
chg_env,ED0_AS1_ENV2_TSK0,495,fdom,199.53
chg_env,ED0_AS1_ENV2_TSK0,496,fdom,199.62
chg_env,ED0_AS1_ENV2_TSK0,497,fdom,222.75
chg_env,ED0_AS1_ENV2_TSK0,498,fdom,196.34
chg_env,ED0_AS1_ENV2_TSK0,499,fdom,224.62
chg_env,ED0_AS1_ENV2_TSK0,500,fdom,198.32
chg_env,ED0_AS1_ENV4_TSK0,501,fdom,147.28
chg_env,ED0_AS1_ENV4_TSK0,502,fdom,124.68
chg_env,ED0_AS1_ENV4_TSK0,503,fdom,126.11
chg_env,ED0_AS1_ENV4_TSK0,504,fdom,202.56
chg_env,ED0_AS1_ENV4_TSK0,505,fdom,120.43
chg_env,ED0_AS1_ENV4_TSK0,506,fdom,98.87
chg_env,ED0_AS1_ENV4_TSK0,507,fdom,97.74
chg_env,ED0_AS1_ENV4_TSK0,508,fdom,156.13
chg_env,ED0_AS1_ENV4_TSK0,509,fdom,94.53
chg_env,ED0_AS1_ENV4_TSK0,510,fdom,126.1
chg_env,ED0_AS1_ENV4_TSK0,511,fdom,138.59
chg_env,ED0_AS1_ENV4_TSK0,512,fdom,95.87
chg_env,ED0_AS1_ENV4_TSK0,513,fdom,146.24
chg_env,ED0_AS1_ENV4_TSK0,514,fdom,99.77
chg_env,ED0_AS1_ENV4_TSK0,515,fdom,205.34
chg_env,ED0_AS1_ENV4_TSK0,516,fdom,98.86
chg_env,ED0_AS1_ENV4_TSK0,517,fdom,101.01
chg_env,ED0_AS1_ENV4_TSK0,518,fdom,93.16
chg_env,ED0_AS1_ENV4_TSK0,519,fdom,130.95
chg_env,ED0_AS1_ENV4_TSK0,520,fdom,102.71
chg_env,ED0_AS1_ENV4_TSK0,521,fdom,99.24
chg_env,ED0_AS1_ENV4_TSK0,522,fdom,159.89
chg_env,ED0_AS1_ENV4_TSK0,523,fdom,100.36
chg_env,ED0_AS1_ENV4_TSK0,524,fdom,98.54
chg_env,ED0_AS1_ENV4_TSK0,525,fdom,140.76
chg_env,ED0_AS1_ENV4_TSK0,526,fdom,123.55
chg_env,ED0_AS1_ENV4_TSK0,527,fdom,205.8
chg_env,ED0_AS1_ENV4_TSK0,528,fdom,100.91
chg_env,ED0_AS1_ENV4_TSK0,529,fdom,122.01
chg_env,ED0_AS1_ENV4_TSK0,530,fdom,127.0
chg_env,ED0_AS1_ENV4_TSK0,531,fdom,124.92
chg_env,ED0_AS1_ENV4_TSK0,532,fdom,124.44
chg_env,ED0_AS1_ENV4_TSK0,533,fdom,140.93
chg_env,ED0_AS1_ENV4_TSK0,534,fdom,148.17
chg_env,ED0_AS1_ENV4_TSK0,535,fdom,99.43
chg_env,ED0_AS1_ENV4_TSK0,536,fdom,129.55
chg_env,ED0_AS1_ENV4_TSK0,537,fdom,120.5
chg_env,ED0_AS1_ENV4_TSK0,538,fdom,204.11
chg_env,ED0_AS1_ENV4_TSK0,539,fdom,62.0
chg_env,ED0_AS1_ENV4_TSK0,540,fdom,99.89
chg_env,ED0_AS1_ENV4_TSK0,541,fdom,205.95
chg_env,ED0_AS1_ENV4_TSK0,542,fdom,103.11
chg_env,ED0_AS1_ENV4_TSK0,543,fdom,135.45
chg_env,ED0_AS1_ENV4_TSK0,544,fdom,128.51
chg_env,ED0_AS1_ENV4_TSK0,545,fdom,207.86
chg_env,ED0_AS1_ENV4_TSK0,546,fdom,98.96
chg_env,ED0_AS1_ENV4_TSK0,547,fdom,95.91
chg_env,ED0_AS1_ENV4_TSK0,548,fdom,192.93
chg_env,ED0_AS1_ENV4_TSK0,549,fdom,97.4
chg_env,ED0_AS1_ENV4_TSK0,550,fdom,62.14
chg_env,ED0_AS1_ENV4_TSK0,551,fdom,98.65
chg_env,ED0_AS1_ENV4_TSK0,552,fdom,123.15
chg_env,ED0_AS1_ENV4_TSK0,553,fdom,206.78
chg_env,ED0_AS1_ENV4_TSK0,554,fdom,123.43
chg_env,ED0_AS1_ENV4_TSK0,555,fdom,86.53
chg_env,ED0_AS1_ENV4_TSK0,556,fdom,103.51
chg_env,ED0_AS1_ENV4_TSK0,557,fdom,199.78
chg_env,ED0_AS1_ENV4_TSK0,558,fdom,86.7
chg_env,ED0_AS1_ENV4_TSK0,559,fdom,159.36
chg_env,ED0_AS1_ENV4_TSK0,560,fdom,204.13
chg_env,ED0_AS1_ENV4_TSK0,561,fdom,100.64
chg_env,ED0_AS1_ENV4_TSK0,562,fdom,122.7
chg_env,ED0_AS1_ENV4_TSK0,563,fdom,94.8
chg_env,ED0_AS1_ENV4_TSK0,564,fdom,100.5
chg_env,ED0_AS1_ENV4_TSK0,565,fdom,162.86
chg_env,ED0_AS1_ENV4_TSK0,566,fdom,88.78
chg_env,ED0_AS1_ENV4_TSK0,567,fdom,100.11
chg_env,ED0_AS1_ENV4_TSK0,568,fdom,96.51
chg_env,ED0_AS1_ENV4_TSK0,569,fdom,126.52
chg_env,ED0_AS1_ENV4_TSK0,570,fdom,121.82
chg_env,ED0_AS1_ENV4_TSK0,571,fdom,102.68
chg_env,ED0_AS1_ENV4_TSK0,572,fdom,124.95
chg_env,ED0_AS1_ENV4_TSK0,573,fdom,106.82
chg_env,ED0_AS1_ENV4_TSK0,574,fdom,203.81
chg_env,ED0_AS1_ENV4_TSK0,575,fdom,124.5
chg_env,ED0_AS1_ENV4_TSK0,576,fdom,121.62
chg_env,ED0_AS1_ENV4_TSK0,577,fdom,97.78
chg_env,ED0_AS1_ENV4_TSK0,578,fdom,101.8
chg_env,ED0_AS1_ENV4_TSK0,579,fdom,97.52
chg_env,ED0_AS1_ENV4_TSK0,580,fdom,100.48
chg_env,ED0_AS1_ENV4_TSK0,581,fdom,94.92
chg_env,ED0_AS1_ENV4_TSK0,582,fdom,125.39
chg_env,ED0_AS1_ENV4_TSK0,583,fdom,97.07
chg_env,ED0_AS1_ENV4_TSK0,584,fdom,126.39
chg_env,ED0_AS1_ENV4_TSK0,585,fdom,99.56
chg_env,ED0_AS1_ENV4_TSK0,586,fdom,198.0
chg_env,ED0_AS1_ENV4_TSK0,587,fdom,103.97
chg_env,ED0_AS1_ENV4_TSK0,588,fdom,143.34
chg_env,ED0_AS1_ENV4_TSK0,589,fdom,102.53
chg_env,ED0_AS1_ENV4_TSK0,590,fdom,97.79
chg_env,ED0_AS1_ENV4_TSK0,591,fdom,102.24
chg_env,ED0_AS1_ENV4_TSK0,592,fdom,205.09
chg_env,ED0_AS1_ENV4_TSK0,593,fdom,124.01
chg_env,ED0_AS1_ENV4_TSK0,594,fdom,204.92
chg_env,ED0_AS1_ENV4_TSK0,595,fdom,124.62
chg_env,ED0_AS1_ENV4_TSK0,596,fdom,124.59
chg_env,ED0_AS1_ENV4_TSK0,597,fdom,129.16
chg_env,ED0_AS1_ENV4_TSK0,598,fdom,99.91
chg_env,ED0_AS1_ENV4_TSK0,599,fdom,128.59
chg_env,ED0_AS1_ENV4_TSK0,600,fdom,205.02
chg_env,ED0_AS1_ENV8_TSK0,601,fdom,44.41
chg_env,ED0_AS1_ENV8_TSK0,602,fdom,47.87
chg_env,ED0_AS1_ENV8_TSK0,603,fdom,30.86
chg_env,ED0_AS1_ENV8_TSK0,604,fdom,68.34
chg_env,ED0_AS1_ENV8_TSK0,605,fdom,47.84
chg_env,ED0_AS1_ENV8_TSK0,606,fdom,49.88
chg_env,ED0_AS1_ENV8_TSK0,607,fdom,73.13
chg_env,ED0_AS1_ENV8_TSK0,608,fdom,52.29
chg_env,ED0_AS1_ENV8_TSK0,609,fdom,63.45
chg_env,ED0_AS1_ENV8_TSK0,610,fdom,48.13
chg_env,ED0_AS1_ENV8_TSK0,611,fdom,48.96
chg_env,ED0_AS1_ENV8_TSK0,612,fdom,31.17
chg_env,ED0_AS1_ENV8_TSK0,613,fdom,47.01
chg_env,ED0_AS1_ENV8_TSK0,614,fdom,61.6
chg_env,ED0_AS1_ENV8_TSK0,615,fdom,73.19
chg_env,ED0_AS1_ENV8_TSK0,616,fdom,48.46
chg_env,ED0_AS1_ENV8_TSK0,617,fdom,63.12
chg_env,ED0_AS1_ENV8_TSK0,618,fdom,47.91
chg_env,ED0_AS1_ENV8_TSK0,619,fdom,30.94
chg_env,ED0_AS1_ENV8_TSK0,620,fdom,61.16
chg_env,ED0_AS1_ENV8_TSK0,621,fdom,169.51
chg_env,ED0_AS1_ENV8_TSK0,622,fdom,48.85
chg_env,ED0_AS1_ENV8_TSK0,623,fdom,50.3
chg_env,ED0_AS1_ENV8_TSK0,624,fdom,46.21
chg_env,ED0_AS1_ENV8_TSK0,625,fdom,64.51
chg_env,ED0_AS1_ENV8_TSK0,626,fdom,31.95
chg_env,ED0_AS1_ENV8_TSK0,627,fdom,50.95
chg_env,ED0_AS1_ENV8_TSK0,628,fdom,66.41
chg_env,ED0_AS1_ENV8_TSK0,629,fdom,60.32
chg_env,ED0_AS1_ENV8_TSK0,630,fdom,62.37
chg_env,ED0_AS1_ENV8_TSK0,631,fdom,48.39
chg_env,ED0_AS1_ENV8_TSK0,632,fdom,65.66
chg_env,ED0_AS1_ENV8_TSK0,633,fdom,66.81
chg_env,ED0_AS1_ENV8_TSK0,634,fdom,32.33
chg_env,ED0_AS1_ENV8_TSK0,635,fdom,66.83
chg_env,ED0_AS1_ENV8_TSK0,636,fdom,48.75
chg_env,ED0_AS1_ENV8_TSK0,637,fdom,65.93
chg_env,ED0_AS1_ENV8_TSK0,638,fdom,49.41
chg_env,ED0_AS1_ENV8_TSK0,639,fdom,74.23
chg_env,ED0_AS1_ENV8_TSK0,640,fdom,62.08
chg_env,ED0_AS1_ENV8_TSK0,641,fdom,63.22
chg_env,ED0_AS1_ENV8_TSK0,642,fdom,49.14
chg_env,ED0_AS1_ENV8_TSK0,643,fdom,65.69
chg_env,ED0_AS1_ENV8_TSK0,644,fdom,46.09
chg_env,ED0_AS1_ENV8_TSK0,645,fdom,60.5
chg_env,ED0_AS1_ENV8_TSK0,646,fdom,62.75
chg_env,ED0_AS1_ENV8_TSK0,647,fdom,51.91
chg_env,ED0_AS1_ENV8_TSK0,648,fdom,62.47
chg_env,ED0_AS1_ENV8_TSK0,649,fdom,47.76
chg_env,ED0_AS1_ENV8_TSK0,650,fdom,45.88
chg_env,ED0_AS1_ENV8_TSK0,651,fdom,50.84
chg_env,ED0_AS1_ENV8_TSK0,652,fdom,49.92
chg_env,ED0_AS1_ENV8_TSK0,653,fdom,51.82
chg_env,ED0_AS1_ENV8_TSK0,654,fdom,64.13
chg_env,ED0_AS1_ENV8_TSK0,655,fdom,69.91
chg_env,ED0_AS1_ENV8_TSK0,656,fdom,65.85
chg_env,ED0_AS1_ENV8_TSK0,657,fdom,73.33
chg_env,ED0_AS1_ENV8_TSK0,658,fdom,63.12
chg_env,ED0_AS1_ENV8_TSK0,659,fdom,59.58
chg_env,ED0_AS1_ENV8_TSK0,660,fdom,31.21
chg_env,ED0_AS1_ENV8_TSK0,661,fdom,51.89
chg_env,ED0_AS1_ENV8_TSK0,662,fdom,31.75
chg_env,ED0_AS1_ENV8_TSK0,663,fdom,49.22
chg_env,ED0_AS1_ENV8_TSK0,664,fdom,168.62
chg_env,ED0_AS1_ENV8_TSK0,665,fdom,49.43
chg_env,ED0_AS1_ENV8_TSK0,666,fdom,62.64
chg_env,ED0_AS1_ENV8_TSK0,667,fdom,30.48
chg_env,ED0_AS1_ENV8_TSK0,668,fdom,49.94
chg_env,ED0_AS1_ENV8_TSK0,669,fdom,50.48
chg_env,ED0_AS1_ENV8_TSK0,670,fdom,63.79
chg_env,ED0_AS1_ENV8_TSK0,671,fdom,31.28
chg_env,ED0_AS1_ENV8_TSK0,672,fdom,60.06
chg_env,ED0_AS1_ENV8_TSK0,673,fdom,63.93
chg_env,ED0_AS1_ENV8_TSK0,674,fdom,122.06
chg_env,ED0_AS1_ENV8_TSK0,675,fdom,61.03
chg_env,ED0_AS1_ENV8_TSK0,676,fdom,72.65
chg_env,ED0_AS1_ENV8_TSK0,677,fdom,33.78
chg_env,ED0_AS1_ENV8_TSK0,678,fdom,51.75
chg_env,ED0_AS1_ENV8_TSK0,679,fdom,47.98
chg_env,ED0_AS1_ENV8_TSK0,680,fdom,66.76
chg_env,ED0_AS1_ENV8_TSK0,681,fdom,48.59
chg_env,ED0_AS1_ENV8_TSK0,682,fdom,63.56
chg_env,ED0_AS1_ENV8_TSK0,683,fdom,48.44
chg_env,ED0_AS1_ENV8_TSK0,684,fdom,49.93
chg_env,ED0_AS1_ENV8_TSK0,685,fdom,52.02
chg_env,ED0_AS1_ENV8_TSK0,686,fdom,52.4
chg_env,ED0_AS1_ENV8_TSK0,687,fdom,33.25
chg_env,ED0_AS1_ENV8_TSK0,688,fdom,73.16
chg_env,ED0_AS1_ENV8_TSK0,689,fdom,61.22
chg_env,ED0_AS1_ENV8_TSK0,690,fdom,68.81
chg_env,ED0_AS1_ENV8_TSK0,691,fdom,46.96
chg_env,ED0_AS1_ENV8_TSK0,692,fdom,62.82
chg_env,ED0_AS1_ENV8_TSK0,693,fdom,32.06
chg_env,ED0_AS1_ENV8_TSK0,694,fdom,50.27
chg_env,ED0_AS1_ENV8_TSK0,695,fdom,59.29
chg_env,ED0_AS1_ENV8_TSK0,696,fdom,46.82
chg_env,ED0_AS1_ENV8_TSK0,697,fdom,65.37
chg_env,ED0_AS1_ENV8_TSK0,698,fdom,44.95
chg_env,ED0_AS1_ENV8_TSK0,699,fdom,67.62
chg_env,ED0_AS1_ENV8_TSK0,700,fdom,51.94
chg_env,ED1_AS0_ENV16_TSK0,301,fdom,116.57
chg_env,ED1_AS0_ENV16_TSK0,302,fdom,104.4
chg_env,ED1_AS0_ENV16_TSK0,303,fdom,96.51
chg_env,ED1_AS0_ENV16_TSK0,304,fdom,98.05
chg_env,ED1_AS0_ENV16_TSK0,305,fdom,94.78
chg_env,ED1_AS0_ENV16_TSK0,306,fdom,88.7
chg_env,ED1_AS0_ENV16_TSK0,307,fdom,54.83
chg_env,ED1_AS0_ENV16_TSK0,308,fdom,122.68
chg_env,ED1_AS0_ENV16_TSK0,309,fdom,128.32
chg_env,ED1_AS0_ENV16_TSK0,310,fdom,99.49
chg_env,ED1_AS0_ENV16_TSK0,311,fdom,104.28
chg_env,ED1_AS0_ENV16_TSK0,312,fdom,121.75
chg_env,ED1_AS0_ENV16_TSK0,313,fdom,119.27
chg_env,ED1_AS0_ENV16_TSK0,314,fdom,77.92
chg_env,ED1_AS0_ENV16_TSK0,315,fdom,111.2
chg_env,ED1_AS0_ENV16_TSK0,316,fdom,95.31
chg_env,ED1_AS0_ENV16_TSK0,317,fdom,102.18
chg_env,ED1_AS0_ENV16_TSK0,318,fdom,91.83
chg_env,ED1_AS0_ENV16_TSK0,319,fdom,100.25
chg_env,ED1_AS0_ENV16_TSK0,320,fdom,126.09
chg_env,ED1_AS0_ENV16_TSK0,321,fdom,106.01
chg_env,ED1_AS0_ENV16_TSK0,322,fdom,123.47
chg_env,ED1_AS0_ENV16_TSK0,323,fdom,114.13
chg_env,ED1_AS0_ENV16_TSK0,324,fdom,109.63
chg_env,ED1_AS0_ENV16_TSK0,325,fdom,91.34
chg_env,ED1_AS0_ENV16_TSK0,326,fdom,113.46
chg_env,ED1_AS0_ENV16_TSK0,327,fdom,92.26
chg_env,ED1_AS0_ENV16_TSK0,328,fdom,101.53
chg_env,ED1_AS0_ENV16_TSK0,329,fdom,112.86
chg_env,ED1_AS0_ENV16_TSK0,330,fdom,89.78
chg_env,ED1_AS0_ENV16_TSK0,331,fdom,96.54
chg_env,ED1_AS0_ENV16_TSK0,332,fdom,110.84
chg_env,ED1_AS0_ENV16_TSK0,333,fdom,114.13
chg_env,ED1_AS0_ENV16_TSK0,334,fdom,108.48
chg_env,ED1_AS0_ENV16_TSK0,335,fdom,95.99
chg_env,ED1_AS0_ENV16_TSK0,336,fdom,101.38
chg_env,ED1_AS0_ENV16_TSK0,337,fdom,114.64
chg_env,ED1_AS0_ENV16_TSK0,338,fdom,101.69
chg_env,ED1_AS0_ENV16_TSK0,339,fdom,116.04
chg_env,ED1_AS0_ENV16_TSK0,340,fdom,79.92
chg_env,ED1_AS0_ENV16_TSK0,341,fdom,116.6
chg_env,ED1_AS0_ENV16_TSK0,342,fdom,90.89
chg_env,ED1_AS0_ENV16_TSK0,343,fdom,105.49
chg_env,ED1_AS0_ENV16_TSK0,344,fdom,100.85
chg_env,ED1_AS0_ENV16_TSK0,345,fdom,85.2
chg_env,ED1_AS0_ENV16_TSK0,346,fdom,92.99
chg_env,ED1_AS0_ENV16_TSK0,347,fdom,101.9
chg_env,ED1_AS0_ENV16_TSK0,348,fdom,95.67
chg_env,ED1_AS0_ENV16_TSK0,349,fdom,112.15
chg_env,ED1_AS0_ENV16_TSK0,350,fdom,89.25
chg_env,ED1_AS0_ENV16_TSK0,351,fdom,102.44
chg_env,ED1_AS0_ENV16_TSK0,352,fdom,92.23
chg_env,ED1_AS0_ENV16_TSK0,353,fdom,86.62
chg_env,ED1_AS0_ENV16_TSK0,354,fdom,96.81
chg_env,ED1_AS0_ENV16_TSK0,355,fdom,123.35
chg_env,ED1_AS0_ENV16_TSK0,356,fdom,115.71
chg_env,ED1_AS0_ENV16_TSK0,357,fdom,118.4
chg_env,ED1_AS0_ENV16_TSK0,358,fdom,94.85
chg_env,ED1_AS0_ENV16_TSK0,359,fdom,84.75
chg_env,ED1_AS0_ENV16_TSK0,360,fdom,122.63
chg_env,ED1_AS0_ENV16_TSK0,361,fdom,99.17
chg_env,ED1_AS0_ENV16_TSK0,362,fdom,120.71
chg_env,ED1_AS0_ENV16_TSK0,363,fdom,83.92
chg_env,ED1_AS0_ENV16_TSK0,364,fdom,92.21
chg_env,ED1_AS0_ENV16_TSK0,365,fdom,117.14
chg_env,ED1_AS0_ENV16_TSK0,366,fdom,117.26
chg_env,ED1_AS0_ENV16_TSK0,367,fdom,110.65
chg_env,ED1_AS0_ENV16_TSK0,368,fdom,85.39
chg_env,ED1_AS0_ENV16_TSK0,369,fdom,109.87
chg_env,ED1_AS0_ENV16_TSK0,370,fdom,128.84
chg_env,ED1_AS0_ENV16_TSK0,371,fdom,114.84
chg_env,ED1_AS0_ENV16_TSK0,372,fdom,73.68
chg_env,ED1_AS0_ENV16_TSK0,373,fdom,79.26
chg_env,ED1_AS0_ENV16_TSK0,374,fdom,81.76
chg_env,ED1_AS0_ENV16_TSK0,375,fdom,115.21
chg_env,ED1_AS0_ENV16_TSK0,376,fdom,95.3
chg_env,ED1_AS0_ENV16_TSK0,377,fdom,119.82
chg_env,ED1_AS0_ENV16_TSK0,378,fdom,108.11
chg_env,ED1_AS0_ENV16_TSK0,379,fdom,94.97
chg_env,ED1_AS0_ENV16_TSK0,380,fdom,140.02
chg_env,ED1_AS0_ENV16_TSK0,381,fdom,91.81
chg_env,ED1_AS0_ENV16_TSK0,382,fdom,111.34
chg_env,ED1_AS0_ENV16_TSK0,383,fdom,132.77
chg_env,ED1_AS0_ENV16_TSK0,384,fdom,97.92
chg_env,ED1_AS0_ENV16_TSK0,385,fdom,107.74
chg_env,ED1_AS0_ENV16_TSK0,386,fdom,114.75
chg_env,ED1_AS0_ENV16_TSK0,387,fdom,112.75
chg_env,ED1_AS0_ENV16_TSK0,388,fdom,120.74
chg_env,ED1_AS0_ENV16_TSK0,389,fdom,117.72
chg_env,ED1_AS0_ENV16_TSK0,390,fdom,91.05
chg_env,ED1_AS0_ENV16_TSK0,391,fdom,102.1
chg_env,ED1_AS0_ENV16_TSK0,392,fdom,113.35
chg_env,ED1_AS0_ENV16_TSK0,393,fdom,118.28
chg_env,ED1_AS0_ENV16_TSK0,394,fdom,98.17
chg_env,ED1_AS0_ENV16_TSK0,395,fdom,113.38
chg_env,ED1_AS0_ENV16_TSK0,396,fdom,126.38
chg_env,ED1_AS0_ENV16_TSK0,397,fdom,122.03
chg_env,ED1_AS0_ENV16_TSK0,398,fdom,95.89
chg_env,ED1_AS0_ENV16_TSK0,399,fdom,110.51
chg_env,ED1_AS0_ENV16_TSK0,400,fdom,104.44
chg_env,ED1_AS0_ENV2_TSK0,1,fdom,256.0
chg_env,ED1_AS0_ENV2_TSK0,10,fdom,256.0
chg_env,ED1_AS0_ENV2_TSK0,100,fdom,256.0
chg_env,ED1_AS0_ENV2_TSK0,11,fdom,256.0
chg_env,ED1_AS0_ENV2_TSK0,12,fdom,256.0
chg_env,ED1_AS0_ENV2_TSK0,13,fdom,256.0
chg_env,ED1_AS0_ENV2_TSK0,14,fdom,256.0
chg_env,ED1_AS0_ENV2_TSK0,15,fdom,256.0
chg_env,ED1_AS0_ENV2_TSK0,16,fdom,256.0
chg_env,ED1_AS0_ENV2_TSK0,17,fdom,256.0
chg_env,ED1_AS0_ENV2_TSK0,18,fdom,256.0
chg_env,ED1_AS0_ENV2_TSK0,19,fdom,256.0
chg_env,ED1_AS0_ENV2_TSK0,2,fdom,256.0
chg_env,ED1_AS0_ENV2_TSK0,20,fdom,256.0
chg_env,ED1_AS0_ENV2_TSK0,21,fdom,256.0
chg_env,ED1_AS0_ENV2_TSK0,22,fdom,256.0
chg_env,ED1_AS0_ENV2_TSK0,23,fdom,256.0
chg_env,ED1_AS0_ENV2_TSK0,24,fdom,256.0
chg_env,ED1_AS0_ENV2_TSK0,25,fdom,256.0
chg_env,ED1_AS0_ENV2_TSK0,26,fdom,256.0
chg_env,ED1_AS0_ENV2_TSK0,27,fdom,256.0
chg_env,ED1_AS0_ENV2_TSK0,28,fdom,256.0
chg_env,ED1_AS0_ENV2_TSK0,29,fdom,256.0
chg_env,ED1_AS0_ENV2_TSK0,3,fdom,256.0
chg_env,ED1_AS0_ENV2_TSK0,30,fdom,256.0
chg_env,ED1_AS0_ENV2_TSK0,31,fdom,256.0
chg_env,ED1_AS0_ENV2_TSK0,32,fdom,256.0
chg_env,ED1_AS0_ENV2_TSK0,33,fdom,256.0
chg_env,ED1_AS0_ENV2_TSK0,34,fdom,256.0
chg_env,ED1_AS0_ENV2_TSK0,35,fdom,256.0
chg_env,ED1_AS0_ENV2_TSK0,36,fdom,256.0
chg_env,ED1_AS0_ENV2_TSK0,37,fdom,256.0
chg_env,ED1_AS0_ENV2_TSK0,38,fdom,256.0
chg_env,ED1_AS0_ENV2_TSK0,39,fdom,256.0
chg_env,ED1_AS0_ENV2_TSK0,4,fdom,256.0
chg_env,ED1_AS0_ENV2_TSK0,40,fdom,256.0
chg_env,ED1_AS0_ENV2_TSK0,41,fdom,256.0
chg_env,ED1_AS0_ENV2_TSK0,42,fdom,256.0
chg_env,ED1_AS0_ENV2_TSK0,43,fdom,256.0
chg_env,ED1_AS0_ENV2_TSK0,44,fdom,256.0
chg_env,ED1_AS0_ENV2_TSK0,45,fdom,256.0
chg_env,ED1_AS0_ENV2_TSK0,46,fdom,256.0
chg_env,ED1_AS0_ENV2_TSK0,47,fdom,256.0
chg_env,ED1_AS0_ENV2_TSK0,48,fdom,256.0
chg_env,ED1_AS0_ENV2_TSK0,49,fdom,256.0
chg_env,ED1_AS0_ENV2_TSK0,5,fdom,256.0
chg_env,ED1_AS0_ENV2_TSK0,50,fdom,256.0
chg_env,ED1_AS0_ENV2_TSK0,51,fdom,256.0
chg_env,ED1_AS0_ENV2_TSK0,52,fdom,256.0
chg_env,ED1_AS0_ENV2_TSK0,53,fdom,256.0
chg_env,ED1_AS0_ENV2_TSK0,54,fdom,256.0
chg_env,ED1_AS0_ENV2_TSK0,55,fdom,256.0
chg_env,ED1_AS0_ENV2_TSK0,56,fdom,256.0
chg_env,ED1_AS0_ENV2_TSK0,57,fdom,256.0
chg_env,ED1_AS0_ENV2_TSK0,58,fdom,256.0
chg_env,ED1_AS0_ENV2_TSK0,59,fdom,256.0
chg_env,ED1_AS0_ENV2_TSK0,6,fdom,256.0
chg_env,ED1_AS0_ENV2_TSK0,60,fdom,256.0
chg_env,ED1_AS0_ENV2_TSK0,61,fdom,256.0
chg_env,ED1_AS0_ENV2_TSK0,62,fdom,256.0
chg_env,ED1_AS0_ENV2_TSK0,63,fdom,256.0
chg_env,ED1_AS0_ENV2_TSK0,64,fdom,256.0
chg_env,ED1_AS0_ENV2_TSK0,65,fdom,256.0
chg_env,ED1_AS0_ENV2_TSK0,66,fdom,256.0
chg_env,ED1_AS0_ENV2_TSK0,67,fdom,256.0
chg_env,ED1_AS0_ENV2_TSK0,68,fdom,256.0
chg_env,ED1_AS0_ENV2_TSK0,69,fdom,256.0
chg_env,ED1_AS0_ENV2_TSK0,7,fdom,256.0
chg_env,ED1_AS0_ENV2_TSK0,70,fdom,256.0
chg_env,ED1_AS0_ENV2_TSK0,71,fdom,256.0
chg_env,ED1_AS0_ENV2_TSK0,72,fdom,256.0
chg_env,ED1_AS0_ENV2_TSK0,73,fdom,256.0
chg_env,ED1_AS0_ENV2_TSK0,74,fdom,256.0
chg_env,ED1_AS0_ENV2_TSK0,75,fdom,256.0
chg_env,ED1_AS0_ENV2_TSK0,76,fdom,256.0
chg_env,ED1_AS0_ENV2_TSK0,77,fdom,256.0
chg_env,ED1_AS0_ENV2_TSK0,78,fdom,256.0
chg_env,ED1_AS0_ENV2_TSK0,79,fdom,256.0
chg_env,ED1_AS0_ENV2_TSK0,8,fdom,256.0
chg_env,ED1_AS0_ENV2_TSK0,80,fdom,256.0
chg_env,ED1_AS0_ENV2_TSK0,81,fdom,256.0
chg_env,ED1_AS0_ENV2_TSK0,82,fdom,256.0
chg_env,ED1_AS0_ENV2_TSK0,83,fdom,256.0
chg_env,ED1_AS0_ENV2_TSK0,84,fdom,256.0
chg_env,ED1_AS0_ENV2_TSK0,85,fdom,256.0
chg_env,ED1_AS0_ENV2_TSK0,86,fdom,256.0
chg_env,ED1_AS0_ENV2_TSK0,87,fdom,256.0
chg_env,ED1_AS0_ENV2_TSK0,88,fdom,256.0
chg_env,ED1_AS0_ENV2_TSK0,89,fdom,256.0
chg_env,ED1_AS0_ENV2_TSK0,9,fdom,256.0
chg_env,ED1_AS0_ENV2_TSK0,90,fdom,256.0
chg_env,ED1_AS0_ENV2_TSK0,91,fdom,256.0
chg_env,ED1_AS0_ENV2_TSK0,92,fdom,256.0
chg_env,ED1_AS0_ENV2_TSK0,93,fdom,256.0
chg_env,ED1_AS0_ENV2_TSK0,94,fdom,256.0
chg_env,ED1_AS0_ENV2_TSK0,95,fdom,256.0
chg_env,ED1_AS0_ENV2_TSK0,96,fdom,256.0
chg_env,ED1_AS0_ENV2_TSK0,97,fdom,256.0
chg_env,ED1_AS0_ENV2_TSK0,98,fdom,256.0
chg_env,ED1_AS0_ENV2_TSK0,99,fdom,256.0
chg_env,ED1_AS0_ENV4_TSK0,101,fdom,256.0
chg_env,ED1_AS0_ENV4_TSK0,102,fdom,256.0
chg_env,ED1_AS0_ENV4_TSK0,103,fdom,256.0
chg_env,ED1_AS0_ENV4_TSK0,104,fdom,256.0
chg_env,ED1_AS0_ENV4_TSK0,105,fdom,256.0
chg_env,ED1_AS0_ENV4_TSK0,106,fdom,256.0
chg_env,ED1_AS0_ENV4_TSK0,107,fdom,256.0
chg_env,ED1_AS0_ENV4_TSK0,108,fdom,256.0
chg_env,ED1_AS0_ENV4_TSK0,109,fdom,256.0
chg_env,ED1_AS0_ENV4_TSK0,110,fdom,256.0
chg_env,ED1_AS0_ENV4_TSK0,111,fdom,256.0
chg_env,ED1_AS0_ENV4_TSK0,112,fdom,256.0
chg_env,ED1_AS0_ENV4_TSK0,113,fdom,256.0
chg_env,ED1_AS0_ENV4_TSK0,114,fdom,256.0
chg_env,ED1_AS0_ENV4_TSK0,115,fdom,256.0
chg_env,ED1_AS0_ENV4_TSK0,116,fdom,256.0
chg_env,ED1_AS0_ENV4_TSK0,117,fdom,256.0
chg_env,ED1_AS0_ENV4_TSK0,118,fdom,256.0
chg_env,ED1_AS0_ENV4_TSK0,119,fdom,256.0
chg_env,ED1_AS0_ENV4_TSK0,120,fdom,256.0
chg_env,ED1_AS0_ENV4_TSK0,121,fdom,256.0
chg_env,ED1_AS0_ENV4_TSK0,122,fdom,256.0
chg_env,ED1_AS0_ENV4_TSK0,123,fdom,256.0
chg_env,ED1_AS0_ENV4_TSK0,124,fdom,256.0
chg_env,ED1_AS0_ENV4_TSK0,125,fdom,256.0
chg_env,ED1_AS0_ENV4_TSK0,126,fdom,256.0
chg_env,ED1_AS0_ENV4_TSK0,127,fdom,256.0
chg_env,ED1_AS0_ENV4_TSK0,128,fdom,256.0
chg_env,ED1_AS0_ENV4_TSK0,129,fdom,256.0
chg_env,ED1_AS0_ENV4_TSK0,130,fdom,256.0
chg_env,ED1_AS0_ENV4_TSK0,131,fdom,256.0
chg_env,ED1_AS0_ENV4_TSK0,132,fdom,256.0
chg_env,ED1_AS0_ENV4_TSK0,133,fdom,256.0
chg_env,ED1_AS0_ENV4_TSK0,134,fdom,256.0
chg_env,ED1_AS0_ENV4_TSK0,135,fdom,256.0
chg_env,ED1_AS0_ENV4_TSK0,136,fdom,256.0
chg_env,ED1_AS0_ENV4_TSK0,137,fdom,256.0
chg_env,ED1_AS0_ENV4_TSK0,138,fdom,256.0
chg_env,ED1_AS0_ENV4_TSK0,139,fdom,256.0
chg_env,ED1_AS0_ENV4_TSK0,140,fdom,256.0
chg_env,ED1_AS0_ENV4_TSK0,141,fdom,256.0
chg_env,ED1_AS0_ENV4_TSK0,142,fdom,256.0
chg_env,ED1_AS0_ENV4_TSK0,143,fdom,256.0
chg_env,ED1_AS0_ENV4_TSK0,144,fdom,256.0
chg_env,ED1_AS0_ENV4_TSK0,145,fdom,256.0
chg_env,ED1_AS0_ENV4_TSK0,146,fdom,256.0
chg_env,ED1_AS0_ENV4_TSK0,147,fdom,256.0
chg_env,ED1_AS0_ENV4_TSK0,148,fdom,256.0
chg_env,ED1_AS0_ENV4_TSK0,149,fdom,256.0
chg_env,ED1_AS0_ENV4_TSK0,150,fdom,256.0
chg_env,ED1_AS0_ENV4_TSK0,151,fdom,256.0
chg_env,ED1_AS0_ENV4_TSK0,152,fdom,256.0
chg_env,ED1_AS0_ENV4_TSK0,153,fdom,256.0
chg_env,ED1_AS0_ENV4_TSK0,154,fdom,256.0
chg_env,ED1_AS0_ENV4_TSK0,155,fdom,256.0
chg_env,ED1_AS0_ENV4_TSK0,156,fdom,256.0
chg_env,ED1_AS0_ENV4_TSK0,157,fdom,256.0
chg_env,ED1_AS0_ENV4_TSK0,158,fdom,256.0
chg_env,ED1_AS0_ENV4_TSK0,159,fdom,256.0
chg_env,ED1_AS0_ENV4_TSK0,160,fdom,256.0
chg_env,ED1_AS0_ENV4_TSK0,161,fdom,256.0
chg_env,ED1_AS0_ENV4_TSK0,162,fdom,256.0
chg_env,ED1_AS0_ENV4_TSK0,163,fdom,256.0
chg_env,ED1_AS0_ENV4_TSK0,164,fdom,256.0
chg_env,ED1_AS0_ENV4_TSK0,165,fdom,256.0
chg_env,ED1_AS0_ENV4_TSK0,166,fdom,256.0
chg_env,ED1_AS0_ENV4_TSK0,167,fdom,256.0
chg_env,ED1_AS0_ENV4_TSK0,168,fdom,256.0
chg_env,ED1_AS0_ENV4_TSK0,169,fdom,256.0
chg_env,ED1_AS0_ENV4_TSK0,170,fdom,256.0
chg_env,ED1_AS0_ENV4_TSK0,171,fdom,256.0
chg_env,ED1_AS0_ENV4_TSK0,172,fdom,256.0
chg_env,ED1_AS0_ENV4_TSK0,173,fdom,256.0
chg_env,ED1_AS0_ENV4_TSK0,174,fdom,256.0
chg_env,ED1_AS0_ENV4_TSK0,175,fdom,256.0
chg_env,ED1_AS0_ENV4_TSK0,176,fdom,256.0
chg_env,ED1_AS0_ENV4_TSK0,177,fdom,256.0
chg_env,ED1_AS0_ENV4_TSK0,178,fdom,256.0
chg_env,ED1_AS0_ENV4_TSK0,179,fdom,256.0
chg_env,ED1_AS0_ENV4_TSK0,180,fdom,256.0
chg_env,ED1_AS0_ENV4_TSK0,181,fdom,256.0
chg_env,ED1_AS0_ENV4_TSK0,182,fdom,256.0
chg_env,ED1_AS0_ENV4_TSK0,183,fdom,256.0
chg_env,ED1_AS0_ENV4_TSK0,184,fdom,256.0
chg_env,ED1_AS0_ENV4_TSK0,185,fdom,256.0
chg_env,ED1_AS0_ENV4_TSK0,186,fdom,256.0
chg_env,ED1_AS0_ENV4_TSK0,187,fdom,256.0
chg_env,ED1_AS0_ENV4_TSK0,188,fdom,256.0
chg_env,ED1_AS0_ENV4_TSK0,189,fdom,256.0
chg_env,ED1_AS0_ENV4_TSK0,190,fdom,256.0
chg_env,ED1_AS0_ENV4_TSK0,191,fdom,256.0
chg_env,ED1_AS0_ENV4_TSK0,192,fdom,256.0
chg_env,ED1_AS0_ENV4_TSK0,193,fdom,256.0
chg_env,ED1_AS0_ENV4_TSK0,194,fdom,256.0
chg_env,ED1_AS0_ENV4_TSK0,195,fdom,256.0
chg_env,ED1_AS0_ENV4_TSK0,196,fdom,256.0
chg_env,ED1_AS0_ENV4_TSK0,197,fdom,256.0
chg_env,ED1_AS0_ENV4_TSK0,198,fdom,256.0
chg_env,ED1_AS0_ENV4_TSK0,199,fdom,256.0
chg_env,ED1_AS0_ENV4_TSK0,200,fdom,256.0
chg_env,ED1_AS0_ENV8_TSK0,201,fdom,256.0
chg_env,ED1_AS0_ENV8_TSK0,202,fdom,256.0
chg_env,ED1_AS0_ENV8_TSK0,203,fdom,256.0
chg_env,ED1_AS0_ENV8_TSK0,204,fdom,256.0
chg_env,ED1_AS0_ENV8_TSK0,205,fdom,256.0
chg_env,ED1_AS0_ENV8_TSK0,206,fdom,256.0
chg_env,ED1_AS0_ENV8_TSK0,207,fdom,256.0
chg_env,ED1_AS0_ENV8_TSK0,208,fdom,256.0
chg_env,ED1_AS0_ENV8_TSK0,209,fdom,256.0
chg_env,ED1_AS0_ENV8_TSK0,210,fdom,256.0
chg_env,ED1_AS0_ENV8_TSK0,211,fdom,256.0
chg_env,ED1_AS0_ENV8_TSK0,212,fdom,256.0
chg_env,ED1_AS0_ENV8_TSK0,213,fdom,256.0
chg_env,ED1_AS0_ENV8_TSK0,214,fdom,256.0
chg_env,ED1_AS0_ENV8_TSK0,215,fdom,256.0
chg_env,ED1_AS0_ENV8_TSK0,216,fdom,256.0
chg_env,ED1_AS0_ENV8_TSK0,217,fdom,256.0
chg_env,ED1_AS0_ENV8_TSK0,218,fdom,256.0
chg_env,ED1_AS0_ENV8_TSK0,219,fdom,256.0
chg_env,ED1_AS0_ENV8_TSK0,220,fdom,256.0
chg_env,ED1_AS0_ENV8_TSK0,221,fdom,256.0
chg_env,ED1_AS0_ENV8_TSK0,222,fdom,256.0
chg_env,ED1_AS0_ENV8_TSK0,223,fdom,256.0
chg_env,ED1_AS0_ENV8_TSK0,224,fdom,256.0
chg_env,ED1_AS0_ENV8_TSK0,225,fdom,256.0
chg_env,ED1_AS0_ENV8_TSK0,226,fdom,256.0
chg_env,ED1_AS0_ENV8_TSK0,227,fdom,256.0
chg_env,ED1_AS0_ENV8_TSK0,228,fdom,256.0
chg_env,ED1_AS0_ENV8_TSK0,229,fdom,256.0
chg_env,ED1_AS0_ENV8_TSK0,230,fdom,256.0
chg_env,ED1_AS0_ENV8_TSK0,231,fdom,256.0
chg_env,ED1_AS0_ENV8_TSK0,232,fdom,256.0
chg_env,ED1_AS0_ENV8_TSK0,233,fdom,256.0
chg_env,ED1_AS0_ENV8_TSK0,234,fdom,256.0
chg_env,ED1_AS0_ENV8_TSK0,235,fdom,256.0
chg_env,ED1_AS0_ENV8_TSK0,236,fdom,256.0
chg_env,ED1_AS0_ENV8_TSK0,237,fdom,256.0
chg_env,ED1_AS0_ENV8_TSK0,238,fdom,256.0
chg_env,ED1_AS0_ENV8_TSK0,239,fdom,256.0
chg_env,ED1_AS0_ENV8_TSK0,240,fdom,256.0
chg_env,ED1_AS0_ENV8_TSK0,241,fdom,256.0
chg_env,ED1_AS0_ENV8_TSK0,242,fdom,256.0
chg_env,ED1_AS0_ENV8_TSK0,243,fdom,256.0
chg_env,ED1_AS0_ENV8_TSK0,244,fdom,256.0
chg_env,ED1_AS0_ENV8_TSK0,245,fdom,256.0
chg_env,ED1_AS0_ENV8_TSK0,246,fdom,256.0
chg_env,ED1_AS0_ENV8_TSK0,247,fdom,256.0
chg_env,ED1_AS0_ENV8_TSK0,248,fdom,256.0
chg_env,ED1_AS0_ENV8_TSK0,249,fdom,256.0
chg_env,ED1_AS0_ENV8_TSK0,250,fdom,256.0
chg_env,ED1_AS0_ENV8_TSK0,251,fdom,240.52
chg_env,ED1_AS0_ENV8_TSK0,252,fdom,256.0
chg_env,ED1_AS0_ENV8_TSK0,253,fdom,256.0
chg_env,ED1_AS0_ENV8_TSK0,254,fdom,256.0
chg_env,ED1_AS0_ENV8_TSK0,255,fdom,256.0
chg_env,ED1_AS0_ENV8_TSK0,256,fdom,256.0
chg_env,ED1_AS0_ENV8_TSK0,257,fdom,177.77
chg_env,ED1_AS0_ENV8_TSK0,258,fdom,256.0
chg_env,ED1_AS0_ENV8_TSK0,259,fdom,256.0
chg_env,ED1_AS0_ENV8_TSK0,260,fdom,256.0
chg_env,ED1_AS0_ENV8_TSK0,261,fdom,256.0
chg_env,ED1_AS0_ENV8_TSK0,262,fdom,256.0
chg_env,ED1_AS0_ENV8_TSK0,263,fdom,256.0
chg_env,ED1_AS0_ENV8_TSK0,264,fdom,256.0
chg_env,ED1_AS0_ENV8_TSK0,265,fdom,256.0
chg_env,ED1_AS0_ENV8_TSK0,266,fdom,256.0
chg_env,ED1_AS0_ENV8_TSK0,267,fdom,256.0
chg_env,ED1_AS0_ENV8_TSK0,268,fdom,256.0
chg_env,ED1_AS0_ENV8_TSK0,269,fdom,256.0
chg_env,ED1_AS0_ENV8_TSK0,270,fdom,256.0
chg_env,ED1_AS0_ENV8_TSK0,271,fdom,256.0
chg_env,ED1_AS0_ENV8_TSK0,272,fdom,256.0
chg_env,ED1_AS0_ENV8_TSK0,273,fdom,256.0
chg_env,ED1_AS0_ENV8_TSK0,274,fdom,256.0
chg_env,ED1_AS0_ENV8_TSK0,275,fdom,256.0
chg_env,ED1_AS0_ENV8_TSK0,276,fdom,256.0
chg_env,ED1_AS0_ENV8_TSK0,277,fdom,256.0
chg_env,ED1_AS0_ENV8_TSK0,278,fdom,256.0
chg_env,ED1_AS0_ENV8_TSK0,279,fdom,256.0
chg_env,ED1_AS0_ENV8_TSK0,280,fdom,256.0
chg_env,ED1_AS0_ENV8_TSK0,281,fdom,256.0
chg_env,ED1_AS0_ENV8_TSK0,282,fdom,256.0
chg_env,ED1_AS0_ENV8_TSK0,283,fdom,256.0
chg_env,ED1_AS0_ENV8_TSK0,284,fdom,256.0
chg_env,ED1_AS0_ENV8_TSK0,285,fdom,256.0
chg_env,ED1_AS0_ENV8_TSK0,286,fdom,256.0
chg_env,ED1_AS0_ENV8_TSK0,287,fdom,256.0
chg_env,ED1_AS0_ENV8_TSK0,288,fdom,256.0
chg_env,ED1_AS0_ENV8_TSK0,289,fdom,256.0
chg_env,ED1_AS0_ENV8_TSK0,290,fdom,256.0
chg_env,ED1_AS0_ENV8_TSK0,291,fdom,256.0
chg_env,ED1_AS0_ENV8_TSK0,292,fdom,256.0
chg_env,ED1_AS0_ENV8_TSK0,293,fdom,256.0
chg_env,ED1_AS0_ENV8_TSK0,294,fdom,227.36
chg_env,ED1_AS0_ENV8_TSK0,295,fdom,206.98
chg_env,ED1_AS0_ENV8_TSK0,296,fdom,256.0
chg_env,ED1_AS0_ENV8_TSK0,297,fdom,256.0
chg_env,ED1_AS0_ENV8_TSK0,298,fdom,256.0
chg_env,ED1_AS0_ENV8_TSK0,299,fdom,256.0
chg_env,ED1_AS0_ENV8_TSK0,300,fdom,256.0
chg_env,ED1_AS1_ENV16_TSK0,1101,fdom,90.98
chg_env,ED1_AS1_ENV16_TSK0,1101,no_sensors,90.98
chg_env,ED1_AS1_ENV16_TSK0,1101,no_signals,0.0
chg_env,ED1_AS1_ENV16_TSK0,1102,fdom,130.64
chg_env,ED1_AS1_ENV16_TSK0,1102,no_sensors,130.64
chg_env,ED1_AS1_ENV16_TSK0,1102,no_signals,0.0
chg_env,ED1_AS1_ENV16_TSK0,1103,fdom,128.46
chg_env,ED1_AS1_ENV16_TSK0,1103,no_sensors,128.46
chg_env,ED1_AS1_ENV16_TSK0,1103,no_signals,0.0
chg_env,ED1_AS1_ENV16_TSK0,1104,fdom,130.22
chg_env,ED1_AS1_ENV16_TSK0,1104,no_sensors,130.22
chg_env,ED1_AS1_ENV16_TSK0,1104,no_signals,0.0
chg_env,ED1_AS1_ENV16_TSK0,1105,fdom,93.07
chg_env,ED1_AS1_ENV16_TSK0,1105,no_sensors,93.07
chg_env,ED1_AS1_ENV16_TSK0,1105,no_signals,0.0
chg_env,ED1_AS1_ENV16_TSK0,1106,fdom,102.58
chg_env,ED1_AS1_ENV16_TSK0,1106,no_sensors,102.58
chg_env,ED1_AS1_ENV16_TSK0,1106,no_signals,0.0
chg_env,ED1_AS1_ENV16_TSK0,1107,fdom,127.39
chg_env,ED1_AS1_ENV16_TSK0,1107,no_sensors,127.39
chg_env,ED1_AS1_ENV16_TSK0,1107,no_signals,0.0
chg_env,ED1_AS1_ENV16_TSK0,1108,fdom,109.37
chg_env,ED1_AS1_ENV16_TSK0,1108,no_sensors,109.37
chg_env,ED1_AS1_ENV16_TSK0,1108,no_signals,0.0
chg_env,ED1_AS1_ENV16_TSK0,1109,fdom,115.65
chg_env,ED1_AS1_ENV16_TSK0,1109,no_sensors,115.65
chg_env,ED1_AS1_ENV16_TSK0,1109,no_signals,0.0
chg_env,ED1_AS1_ENV16_TSK0,1110,fdom,109.15
chg_env,ED1_AS1_ENV16_TSK0,1110,no_sensors,109.15
chg_env,ED1_AS1_ENV16_TSK0,1110,no_signals,0.0
chg_env,ED1_AS1_ENV16_TSK0,1111,fdom,97.64
chg_env,ED1_AS1_ENV16_TSK0,1111,no_sensors,97.64
chg_env,ED1_AS1_ENV16_TSK0,1111,no_signals,0.0
chg_env,ED1_AS1_ENV16_TSK0,1112,fdom,99.61
chg_env,ED1_AS1_ENV16_TSK0,1112,no_sensors,99.61
chg_env,ED1_AS1_ENV16_TSK0,1112,no_signals,0.0
chg_env,ED1_AS1_ENV16_TSK0,1113,fdom,88.54
chg_env,ED1_AS1_ENV16_TSK0,1113,no_sensors,88.54
chg_env,ED1_AS1_ENV16_TSK0,1113,no_signals,0.0
chg_env,ED1_AS1_ENV16_TSK0,1114,fdom,100.05
chg_env,ED1_AS1_ENV16_TSK0,1114,no_sensors,100.05
chg_env,ED1_AS1_ENV16_TSK0,1114,no_signals,0.0
chg_env,ED1_AS1_ENV16_TSK0,1115,fdom,89.86
chg_env,ED1_AS1_ENV16_TSK0,1115,no_sensors,89.86
chg_env,ED1_AS1_ENV16_TSK0,1115,no_signals,0.0
chg_env,ED1_AS1_ENV16_TSK0,1116,fdom,96.51
chg_env,ED1_AS1_ENV16_TSK0,1116,no_sensors,96.51
chg_env,ED1_AS1_ENV16_TSK0,1116,no_signals,0.0
chg_env,ED1_AS1_ENV16_TSK0,1117,fdom,107.75
chg_env,ED1_AS1_ENV16_TSK0,1117,no_sensors,107.75
chg_env,ED1_AS1_ENV16_TSK0,1117,no_signals,0.0
chg_env,ED1_AS1_ENV16_TSK0,1118,fdom,103.09
chg_env,ED1_AS1_ENV16_TSK0,1118,no_sensors,103.09
chg_env,ED1_AS1_ENV16_TSK0,1118,no_signals,0.0
chg_env,ED1_AS1_ENV16_TSK0,1119,fdom,109.64
chg_env,ED1_AS1_ENV16_TSK0,1119,no_sensors,109.64
chg_env,ED1_AS1_ENV16_TSK0,1119,no_signals,0.0
chg_env,ED1_AS1_ENV16_TSK0,1120,fdom,87.7
chg_env,ED1_AS1_ENV16_TSK0,1120,no_sensors,87.7
chg_env,ED1_AS1_ENV16_TSK0,1120,no_signals,0.0
chg_env,ED1_AS1_ENV16_TSK0,1121,fdom,108.3
chg_env,ED1_AS1_ENV16_TSK0,1121,no_sensors,108.3
chg_env,ED1_AS1_ENV16_TSK0,1121,no_signals,0.0
chg_env,ED1_AS1_ENV16_TSK0,1122,fdom,86.79
chg_env,ED1_AS1_ENV16_TSK0,1122,no_sensors,86.79
chg_env,ED1_AS1_ENV16_TSK0,1122,no_signals,0.0
chg_env,ED1_AS1_ENV16_TSK0,1123,fdom,117.59
chg_env,ED1_AS1_ENV16_TSK0,1123,no_sensors,117.59
chg_env,ED1_AS1_ENV16_TSK0,1123,no_signals,0.0
chg_env,ED1_AS1_ENV16_TSK0,1124,fdom,105.5
chg_env,ED1_AS1_ENV16_TSK0,1124,no_sensors,105.5
chg_env,ED1_AS1_ENV16_TSK0,1124,no_signals,0.0
chg_env,ED1_AS1_ENV16_TSK0,1125,fdom,110.63
chg_env,ED1_AS1_ENV16_TSK0,1125,no_sensors,110.63
chg_env,ED1_AS1_ENV16_TSK0,1125,no_signals,0.0
chg_env,ED1_AS1_ENV16_TSK0,1126,fdom,100.02
chg_env,ED1_AS1_ENV16_TSK0,1126,no_sensors,100.02
chg_env,ED1_AS1_ENV16_TSK0,1126,no_signals,0.0
chg_env,ED1_AS1_ENV16_TSK0,1127,fdom,114.34
chg_env,ED1_AS1_ENV16_TSK0,1127,no_sensors,114.34
chg_env,ED1_AS1_ENV16_TSK0,1127,no_signals,0.0
chg_env,ED1_AS1_ENV16_TSK0,1128,fdom,116.9
chg_env,ED1_AS1_ENV16_TSK0,1128,no_sensors,116.9
chg_env,ED1_AS1_ENV16_TSK0,1128,no_signals,0.0
chg_env,ED1_AS1_ENV16_TSK0,1129,fdom,109.2
chg_env,ED1_AS1_ENV16_TSK0,1129,no_sensors,109.2
chg_env,ED1_AS1_ENV16_TSK0,1129,no_signals,0.0
chg_env,ED1_AS1_ENV16_TSK0,1130,fdom,80.62
chg_env,ED1_AS1_ENV16_TSK0,1130,no_sensors,80.62
chg_env,ED1_AS1_ENV16_TSK0,1130,no_signals,0.0
chg_env,ED1_AS1_ENV16_TSK0,1131,fdom,122.8
chg_env,ED1_AS1_ENV16_TSK0,1131,no_sensors,122.8
chg_env,ED1_AS1_ENV16_TSK0,1131,no_signals,0.0
chg_env,ED1_AS1_ENV16_TSK0,1132,fdom,89.46
chg_env,ED1_AS1_ENV16_TSK0,1132,no_sensors,89.46
chg_env,ED1_AS1_ENV16_TSK0,1132,no_signals,0.0
chg_env,ED1_AS1_ENV16_TSK0,1133,fdom,80.72
chg_env,ED1_AS1_ENV16_TSK0,1133,no_sensors,80.72
chg_env,ED1_AS1_ENV16_TSK0,1133,no_signals,0.0
chg_env,ED1_AS1_ENV16_TSK0,1134,fdom,116.84
chg_env,ED1_AS1_ENV16_TSK0,1134,no_sensors,116.84
chg_env,ED1_AS1_ENV16_TSK0,1134,no_signals,0.0
chg_env,ED1_AS1_ENV16_TSK0,1135,fdom,106.05
chg_env,ED1_AS1_ENV16_TSK0,1135,no_sensors,106.05
chg_env,ED1_AS1_ENV16_TSK0,1135,no_signals,0.0
chg_env,ED1_AS1_ENV16_TSK0,1136,fdom,104.2
chg_env,ED1_AS1_ENV16_TSK0,1136,no_sensors,104.2
chg_env,ED1_AS1_ENV16_TSK0,1136,no_signals,0.0
chg_env,ED1_AS1_ENV16_TSK0,1137,fdom,95.78
chg_env,ED1_AS1_ENV16_TSK0,1137,no_sensors,95.78
chg_env,ED1_AS1_ENV16_TSK0,1137,no_signals,0.0
chg_env,ED1_AS1_ENV16_TSK0,1138,fdom,123.21
chg_env,ED1_AS1_ENV16_TSK0,1138,no_sensors,123.21
chg_env,ED1_AS1_ENV16_TSK0,1138,no_signals,0.0
chg_env,ED1_AS1_ENV16_TSK0,1139,fdom,133.22
chg_env,ED1_AS1_ENV16_TSK0,1139,no_sensors,133.22
chg_env,ED1_AS1_ENV16_TSK0,1139,no_signals,0.0
chg_env,ED1_AS1_ENV16_TSK0,1140,fdom,98.93
chg_env,ED1_AS1_ENV16_TSK0,1140,no_sensors,98.93
chg_env,ED1_AS1_ENV16_TSK0,1140,no_signals,0.0
chg_env,ED1_AS1_ENV16_TSK0,1141,fdom,95.71
chg_env,ED1_AS1_ENV16_TSK0,1141,no_sensors,95.71
chg_env,ED1_AS1_ENV16_TSK0,1141,no_signals,0.0
chg_env,ED1_AS1_ENV16_TSK0,1142,fdom,97.17
chg_env,ED1_AS1_ENV16_TSK0,1142,no_sensors,97.17
chg_env,ED1_AS1_ENV16_TSK0,1142,no_signals,0.0
chg_env,ED1_AS1_ENV16_TSK0,1143,fdom,99.62
chg_env,ED1_AS1_ENV16_TSK0,1143,no_sensors,99.62
chg_env,ED1_AS1_ENV16_TSK0,1143,no_signals,0.0
chg_env,ED1_AS1_ENV16_TSK0,1144,fdom,96.71
chg_env,ED1_AS1_ENV16_TSK0,1144,no_sensors,96.71
chg_env,ED1_AS1_ENV16_TSK0,1144,no_signals,0.0
chg_env,ED1_AS1_ENV16_TSK0,1145,fdom,110.66
chg_env,ED1_AS1_ENV16_TSK0,1145,no_sensors,110.66
chg_env,ED1_AS1_ENV16_TSK0,1145,no_signals,0.0
chg_env,ED1_AS1_ENV16_TSK0,1146,fdom,109.75
chg_env,ED1_AS1_ENV16_TSK0,1146,no_sensors,109.75
chg_env,ED1_AS1_ENV16_TSK0,1146,no_signals,0.0
chg_env,ED1_AS1_ENV16_TSK0,1147,fdom,102.34
chg_env,ED1_AS1_ENV16_TSK0,1147,no_sensors,102.34
chg_env,ED1_AS1_ENV16_TSK0,1147,no_signals,0.0
chg_env,ED1_AS1_ENV16_TSK0,1148,fdom,81.19
chg_env,ED1_AS1_ENV16_TSK0,1148,no_sensors,81.19
chg_env,ED1_AS1_ENV16_TSK0,1148,no_signals,0.0
chg_env,ED1_AS1_ENV16_TSK0,1149,fdom,101.38
chg_env,ED1_AS1_ENV16_TSK0,1149,no_sensors,101.38
chg_env,ED1_AS1_ENV16_TSK0,1149,no_signals,0.0
chg_env,ED1_AS1_ENV16_TSK0,1150,fdom,111.19
chg_env,ED1_AS1_ENV16_TSK0,1150,no_sensors,111.19
chg_env,ED1_AS1_ENV16_TSK0,1150,no_signals,0.0
chg_env,ED1_AS1_ENV16_TSK0,1151,fdom,85.22
chg_env,ED1_AS1_ENV16_TSK0,1151,no_sensors,85.22
chg_env,ED1_AS1_ENV16_TSK0,1151,no_signals,0.0
chg_env,ED1_AS1_ENV16_TSK0,1152,fdom,88.87
chg_env,ED1_AS1_ENV16_TSK0,1152,no_sensors,88.87
chg_env,ED1_AS1_ENV16_TSK0,1152,no_signals,0.0
chg_env,ED1_AS1_ENV16_TSK0,1153,fdom,116.73
chg_env,ED1_AS1_ENV16_TSK0,1153,no_sensors,116.73
chg_env,ED1_AS1_ENV16_TSK0,1153,no_signals,0.0
chg_env,ED1_AS1_ENV16_TSK0,1154,fdom,107.61
chg_env,ED1_AS1_ENV16_TSK0,1154,no_sensors,107.61
chg_env,ED1_AS1_ENV16_TSK0,1154,no_signals,0.0
chg_env,ED1_AS1_ENV16_TSK0,1155,fdom,100.6
chg_env,ED1_AS1_ENV16_TSK0,1155,no_sensors,100.6
chg_env,ED1_AS1_ENV16_TSK0,1155,no_signals,0.0
chg_env,ED1_AS1_ENV16_TSK0,1156,fdom,73.63
chg_env,ED1_AS1_ENV16_TSK0,1156,no_sensors,73.63
chg_env,ED1_AS1_ENV16_TSK0,1156,no_signals,0.0
chg_env,ED1_AS1_ENV16_TSK0,1157,fdom,108.75
chg_env,ED1_AS1_ENV16_TSK0,1157,no_sensors,108.75
chg_env,ED1_AS1_ENV16_TSK0,1157,no_signals,0.0
chg_env,ED1_AS1_ENV16_TSK0,1158,fdom,113.43
chg_env,ED1_AS1_ENV16_TSK0,1158,no_sensors,113.43
chg_env,ED1_AS1_ENV16_TSK0,1158,no_signals,0.0
chg_env,ED1_AS1_ENV16_TSK0,1159,fdom,122.73
chg_env,ED1_AS1_ENV16_TSK0,1159,no_sensors,122.73
chg_env,ED1_AS1_ENV16_TSK0,1159,no_signals,0.0
chg_env,ED1_AS1_ENV16_TSK0,1160,fdom,128.09
chg_env,ED1_AS1_ENV16_TSK0,1160,no_sensors,128.09
chg_env,ED1_AS1_ENV16_TSK0,1160,no_signals,0.0
chg_env,ED1_AS1_ENV16_TSK0,1161,fdom,92.09
chg_env,ED1_AS1_ENV16_TSK0,1161,no_sensors,92.09
chg_env,ED1_AS1_ENV16_TSK0,1161,no_signals,0.0
chg_env,ED1_AS1_ENV16_TSK0,1162,fdom,117.36
chg_env,ED1_AS1_ENV16_TSK0,1162,no_sensors,117.36
chg_env,ED1_AS1_ENV16_TSK0,1162,no_signals,0.0
chg_env,ED1_AS1_ENV16_TSK0,1163,fdom,109.57
chg_env,ED1_AS1_ENV16_TSK0,1163,no_sensors,109.57
chg_env,ED1_AS1_ENV16_TSK0,1163,no_signals,0.0
chg_env,ED1_AS1_ENV16_TSK0,1164,fdom,87.33
chg_env,ED1_AS1_ENV16_TSK0,1164,no_sensors,87.33
chg_env,ED1_AS1_ENV16_TSK0,1164,no_signals,0.0
chg_env,ED1_AS1_ENV16_TSK0,1165,fdom,94.39
chg_env,ED1_AS1_ENV16_TSK0,1165,no_sensors,94.39
chg_env,ED1_AS1_ENV16_TSK0,1165,no_signals,0.0
chg_env,ED1_AS1_ENV16_TSK0,1166,fdom,97.44
chg_env,ED1_AS1_ENV16_TSK0,1166,no_sensors,97.44
chg_env,ED1_AS1_ENV16_TSK0,1166,no_signals,0.0
chg_env,ED1_AS1_ENV16_TSK0,1167,fdom,97.21
chg_env,ED1_AS1_ENV16_TSK0,1167,no_sensors,97.21
chg_env,ED1_AS1_ENV16_TSK0,1167,no_signals,0.0
chg_env,ED1_AS1_ENV16_TSK0,1168,fdom,67.45
chg_env,ED1_AS1_ENV16_TSK0,1168,no_sensors,67.45
chg_env,ED1_AS1_ENV16_TSK0,1168,no_signals,0.0
chg_env,ED1_AS1_ENV16_TSK0,1169,fdom,128.62
chg_env,ED1_AS1_ENV16_TSK0,1169,no_sensors,128.62
chg_env,ED1_AS1_ENV16_TSK0,1169,no_signals,0.0
chg_env,ED1_AS1_ENV16_TSK0,1170,fdom,82.41
chg_env,ED1_AS1_ENV16_TSK0,1170,no_sensors,82.41
chg_env,ED1_AS1_ENV16_TSK0,1170,no_signals,0.0
chg_env,ED1_AS1_ENV16_TSK0,1171,fdom,122.63
chg_env,ED1_AS1_ENV16_TSK0,1171,no_sensors,122.63
chg_env,ED1_AS1_ENV16_TSK0,1171,no_signals,0.0
chg_env,ED1_AS1_ENV16_TSK0,1172,fdom,125.87
chg_env,ED1_AS1_ENV16_TSK0,1172,no_sensors,125.87
chg_env,ED1_AS1_ENV16_TSK0,1172,no_signals,0.0
chg_env,ED1_AS1_ENV16_TSK0,1173,fdom,130.82
chg_env,ED1_AS1_ENV16_TSK0,1173,no_sensors,130.82
chg_env,ED1_AS1_ENV16_TSK0,1173,no_signals,0.0
chg_env,ED1_AS1_ENV16_TSK0,1174,fdom,93.66
chg_env,ED1_AS1_ENV16_TSK0,1174,no_sensors,93.66
chg_env,ED1_AS1_ENV16_TSK0,1174,no_signals,0.0
chg_env,ED1_AS1_ENV16_TSK0,1175,fdom,113.19
chg_env,ED1_AS1_ENV16_TSK0,1175,no_sensors,113.19
chg_env,ED1_AS1_ENV16_TSK0,1175,no_signals,0.0
chg_env,ED1_AS1_ENV16_TSK0,1176,fdom,113.0
chg_env,ED1_AS1_ENV16_TSK0,1176,no_sensors,113.0
chg_env,ED1_AS1_ENV16_TSK0,1176,no_signals,0.0
chg_env,ED1_AS1_ENV16_TSK0,1177,fdom,91.35
chg_env,ED1_AS1_ENV16_TSK0,1177,no_sensors,91.35
chg_env,ED1_AS1_ENV16_TSK0,1177,no_signals,0.0
chg_env,ED1_AS1_ENV16_TSK0,1178,fdom,124.38
chg_env,ED1_AS1_ENV16_TSK0,1178,no_sensors,124.38
chg_env,ED1_AS1_ENV16_TSK0,1178,no_signals,0.0
chg_env,ED1_AS1_ENV16_TSK0,1179,fdom,106.24
chg_env,ED1_AS1_ENV16_TSK0,1179,no_sensors,106.24
chg_env,ED1_AS1_ENV16_TSK0,1179,no_signals,0.0
chg_env,ED1_AS1_ENV16_TSK0,1180,fdom,115.35
chg_env,ED1_AS1_ENV16_TSK0,1180,no_sensors,115.35
chg_env,ED1_AS1_ENV16_TSK0,1180,no_signals,0.0
chg_env,ED1_AS1_ENV16_TSK0,1181,fdom,137.08
chg_env,ED1_AS1_ENV16_TSK0,1181,no_sensors,137.08
chg_env,ED1_AS1_ENV16_TSK0,1181,no_signals,0.0
chg_env,ED1_AS1_ENV16_TSK0,1182,fdom,113.01
chg_env,ED1_AS1_ENV16_TSK0,1182,no_sensors,113.01
chg_env,ED1_AS1_ENV16_TSK0,1182,no_signals,0.0
chg_env,ED1_AS1_ENV16_TSK0,1183,fdom,131.54
chg_env,ED1_AS1_ENV16_TSK0,1183,no_sensors,131.54
chg_env,ED1_AS1_ENV16_TSK0,1183,no_signals,0.0
chg_env,ED1_AS1_ENV16_TSK0,1184,fdom,95.49
chg_env,ED1_AS1_ENV16_TSK0,1184,no_sensors,95.49
chg_env,ED1_AS1_ENV16_TSK0,1184,no_signals,0.0
chg_env,ED1_AS1_ENV16_TSK0,1185,fdom,88.0
chg_env,ED1_AS1_ENV16_TSK0,1185,no_sensors,88.0
chg_env,ED1_AS1_ENV16_TSK0,1185,no_signals,0.0
chg_env,ED1_AS1_ENV16_TSK0,1186,fdom,127.83
chg_env,ED1_AS1_ENV16_TSK0,1186,no_sensors,127.83
chg_env,ED1_AS1_ENV16_TSK0,1186,no_signals,0.0
chg_env,ED1_AS1_ENV16_TSK0,1187,fdom,115.0
chg_env,ED1_AS1_ENV16_TSK0,1187,no_sensors,115.0
chg_env,ED1_AS1_ENV16_TSK0,1187,no_signals,0.0
chg_env,ED1_AS1_ENV16_TSK0,1188,fdom,118.14
chg_env,ED1_AS1_ENV16_TSK0,1188,no_sensors,118.14
chg_env,ED1_AS1_ENV16_TSK0,1188,no_signals,0.0
chg_env,ED1_AS1_ENV16_TSK0,1189,fdom,87.3
chg_env,ED1_AS1_ENV16_TSK0,1189,no_sensors,87.3
chg_env,ED1_AS1_ENV16_TSK0,1189,no_signals,0.0
chg_env,ED1_AS1_ENV16_TSK0,1190,fdom,111.87
chg_env,ED1_AS1_ENV16_TSK0,1190,no_sensors,111.87
chg_env,ED1_AS1_ENV16_TSK0,1190,no_signals,0.0
chg_env,ED1_AS1_ENV16_TSK0,1191,fdom,87.84
chg_env,ED1_AS1_ENV16_TSK0,1191,no_sensors,87.84
chg_env,ED1_AS1_ENV16_TSK0,1191,no_signals,0.0
chg_env,ED1_AS1_ENV16_TSK0,1192,fdom,110.18
chg_env,ED1_AS1_ENV16_TSK0,1192,no_sensors,110.18
chg_env,ED1_AS1_ENV16_TSK0,1192,no_signals,0.0
chg_env,ED1_AS1_ENV16_TSK0,1193,fdom,104.43
chg_env,ED1_AS1_ENV16_TSK0,1193,no_sensors,104.43
chg_env,ED1_AS1_ENV16_TSK0,1193,no_signals,0.0
chg_env,ED1_AS1_ENV16_TSK0,1194,fdom,80.52
chg_env,ED1_AS1_ENV16_TSK0,1194,no_sensors,80.52
chg_env,ED1_AS1_ENV16_TSK0,1194,no_signals,0.0
chg_env,ED1_AS1_ENV16_TSK0,1195,fdom,110.15
chg_env,ED1_AS1_ENV16_TSK0,1195,no_sensors,110.15
chg_env,ED1_AS1_ENV16_TSK0,1195,no_signals,0.0
chg_env,ED1_AS1_ENV16_TSK0,1196,fdom,97.02
chg_env,ED1_AS1_ENV16_TSK0,1196,no_sensors,97.02
chg_env,ED1_AS1_ENV16_TSK0,1196,no_signals,0.0
chg_env,ED1_AS1_ENV16_TSK0,1197,fdom,113.55
chg_env,ED1_AS1_ENV16_TSK0,1197,no_sensors,113.55
chg_env,ED1_AS1_ENV16_TSK0,1197,no_signals,0.0
chg_env,ED1_AS1_ENV16_TSK0,1198,fdom,112.45
chg_env,ED1_AS1_ENV16_TSK0,1198,no_sensors,112.45
chg_env,ED1_AS1_ENV16_TSK0,1198,no_signals,0.0
chg_env,ED1_AS1_ENV16_TSK0,1199,fdom,101.1
chg_env,ED1_AS1_ENV16_TSK0,1199,no_sensors,101.1
chg_env,ED1_AS1_ENV16_TSK0,1199,no_signals,0.0
chg_env,ED1_AS1_ENV16_TSK0,1200,fdom,141.6
chg_env,ED1_AS1_ENV16_TSK0,1200,no_sensors,141.6
chg_env,ED1_AS1_ENV16_TSK0,1200,no_signals,0.0
chg_env,ED1_AS1_ENV2_TSK0,801,fdom,256.0
chg_env,ED1_AS1_ENV2_TSK0,801,no_sensors,256.0
chg_env,ED1_AS1_ENV2_TSK0,801,no_signals,129.31
chg_env,ED1_AS1_ENV2_TSK0,802,fdom,256.0
chg_env,ED1_AS1_ENV2_TSK0,802,no_sensors,256.0
chg_env,ED1_AS1_ENV2_TSK0,802,no_signals,125.37
chg_env,ED1_AS1_ENV2_TSK0,803,fdom,256.0
chg_env,ED1_AS1_ENV2_TSK0,803,no_sensors,256.0
chg_env,ED1_AS1_ENV2_TSK0,803,no_signals,128.75
chg_env,ED1_AS1_ENV2_TSK0,804,fdom,256.0
chg_env,ED1_AS1_ENV2_TSK0,804,no_sensors,256.0
chg_env,ED1_AS1_ENV2_TSK0,804,no_signals,128.6
chg_env,ED1_AS1_ENV2_TSK0,805,fdom,256.0
chg_env,ED1_AS1_ENV2_TSK0,805,no_sensors,256.0
chg_env,ED1_AS1_ENV2_TSK0,805,no_signals,120.37
chg_env,ED1_AS1_ENV2_TSK0,806,fdom,256.0
chg_env,ED1_AS1_ENV2_TSK0,806,no_sensors,256.0
chg_env,ED1_AS1_ENV2_TSK0,806,no_signals,125.93
chg_env,ED1_AS1_ENV2_TSK0,807,fdom,256.0
chg_env,ED1_AS1_ENV2_TSK0,807,no_sensors,256.0
chg_env,ED1_AS1_ENV2_TSK0,807,no_signals,127.72
chg_env,ED1_AS1_ENV2_TSK0,808,fdom,256.0
chg_env,ED1_AS1_ENV2_TSK0,808,no_sensors,256.0
chg_env,ED1_AS1_ENV2_TSK0,808,no_signals,133.44
chg_env,ED1_AS1_ENV2_TSK0,809,fdom,256.0
chg_env,ED1_AS1_ENV2_TSK0,809,no_sensors,256.0
chg_env,ED1_AS1_ENV2_TSK0,809,no_signals,129.06
chg_env,ED1_AS1_ENV2_TSK0,810,fdom,256.0
chg_env,ED1_AS1_ENV2_TSK0,810,no_sensors,256.0
chg_env,ED1_AS1_ENV2_TSK0,810,no_signals,133.33
chg_env,ED1_AS1_ENV2_TSK0,811,fdom,256.0
chg_env,ED1_AS1_ENV2_TSK0,811,no_sensors,256.0
chg_env,ED1_AS1_ENV2_TSK0,811,no_signals,125.01
chg_env,ED1_AS1_ENV2_TSK0,812,fdom,256.0
chg_env,ED1_AS1_ENV2_TSK0,812,no_sensors,256.0
chg_env,ED1_AS1_ENV2_TSK0,812,no_signals,123.8
chg_env,ED1_AS1_ENV2_TSK0,813,fdom,256.0
chg_env,ED1_AS1_ENV2_TSK0,813,no_sensors,256.0
chg_env,ED1_AS1_ENV2_TSK0,813,no_signals,126.39
chg_env,ED1_AS1_ENV2_TSK0,814,fdom,256.0
chg_env,ED1_AS1_ENV2_TSK0,814,no_sensors,256.0
chg_env,ED1_AS1_ENV2_TSK0,814,no_signals,125.71
chg_env,ED1_AS1_ENV2_TSK0,815,fdom,256.0
chg_env,ED1_AS1_ENV2_TSK0,815,no_sensors,256.0
chg_env,ED1_AS1_ENV2_TSK0,815,no_signals,129.59
chg_env,ED1_AS1_ENV2_TSK0,816,fdom,256.0
chg_env,ED1_AS1_ENV2_TSK0,816,no_sensors,256.0
chg_env,ED1_AS1_ENV2_TSK0,816,no_signals,130.15
chg_env,ED1_AS1_ENV2_TSK0,817,fdom,256.0
chg_env,ED1_AS1_ENV2_TSK0,817,no_sensors,256.0
chg_env,ED1_AS1_ENV2_TSK0,817,no_signals,133.13
chg_env,ED1_AS1_ENV2_TSK0,818,fdom,256.0
chg_env,ED1_AS1_ENV2_TSK0,818,no_sensors,256.0
chg_env,ED1_AS1_ENV2_TSK0,818,no_signals,129.38
chg_env,ED1_AS1_ENV2_TSK0,819,fdom,256.0
chg_env,ED1_AS1_ENV2_TSK0,819,no_sensors,256.0
chg_env,ED1_AS1_ENV2_TSK0,819,no_signals,122.79
chg_env,ED1_AS1_ENV2_TSK0,820,fdom,256.0
chg_env,ED1_AS1_ENV2_TSK0,820,no_sensors,256.0
chg_env,ED1_AS1_ENV2_TSK0,820,no_signals,127.54
chg_env,ED1_AS1_ENV2_TSK0,821,fdom,256.0
chg_env,ED1_AS1_ENV2_TSK0,821,no_sensors,256.0
chg_env,ED1_AS1_ENV2_TSK0,821,no_signals,127.44
chg_env,ED1_AS1_ENV2_TSK0,822,fdom,256.0
chg_env,ED1_AS1_ENV2_TSK0,822,no_sensors,256.0
chg_env,ED1_AS1_ENV2_TSK0,822,no_signals,126.93
chg_env,ED1_AS1_ENV2_TSK0,823,fdom,256.0
chg_env,ED1_AS1_ENV2_TSK0,823,no_sensors,256.0
chg_env,ED1_AS1_ENV2_TSK0,823,no_signals,134.21
chg_env,ED1_AS1_ENV2_TSK0,824,fdom,256.0
chg_env,ED1_AS1_ENV2_TSK0,824,no_sensors,256.0
chg_env,ED1_AS1_ENV2_TSK0,824,no_signals,123.82
chg_env,ED1_AS1_ENV2_TSK0,825,fdom,256.0
chg_env,ED1_AS1_ENV2_TSK0,825,no_sensors,256.0
chg_env,ED1_AS1_ENV2_TSK0,825,no_signals,129.19
chg_env,ED1_AS1_ENV2_TSK0,826,fdom,256.0
chg_env,ED1_AS1_ENV2_TSK0,826,no_sensors,256.0
chg_env,ED1_AS1_ENV2_TSK0,826,no_signals,127.12
chg_env,ED1_AS1_ENV2_TSK0,827,fdom,256.0
chg_env,ED1_AS1_ENV2_TSK0,827,no_sensors,256.0
chg_env,ED1_AS1_ENV2_TSK0,827,no_signals,127.17
chg_env,ED1_AS1_ENV2_TSK0,828,fdom,256.0
chg_env,ED1_AS1_ENV2_TSK0,828,no_sensors,256.0
chg_env,ED1_AS1_ENV2_TSK0,828,no_signals,121.6
chg_env,ED1_AS1_ENV2_TSK0,829,fdom,256.0
chg_env,ED1_AS1_ENV2_TSK0,829,no_sensors,256.0
chg_env,ED1_AS1_ENV2_TSK0,829,no_signals,126.03
chg_env,ED1_AS1_ENV2_TSK0,830,fdom,256.0
chg_env,ED1_AS1_ENV2_TSK0,830,no_sensors,256.0
chg_env,ED1_AS1_ENV2_TSK0,830,no_signals,127.32
chg_env,ED1_AS1_ENV2_TSK0,831,fdom,256.0
chg_env,ED1_AS1_ENV2_TSK0,831,no_sensors,256.0
chg_env,ED1_AS1_ENV2_TSK0,831,no_signals,131.25
chg_env,ED1_AS1_ENV2_TSK0,832,fdom,256.0
chg_env,ED1_AS1_ENV2_TSK0,832,no_sensors,256.0
chg_env,ED1_AS1_ENV2_TSK0,832,no_signals,128.36
chg_env,ED1_AS1_ENV2_TSK0,833,fdom,256.0
chg_env,ED1_AS1_ENV2_TSK0,833,no_sensors,256.0
chg_env,ED1_AS1_ENV2_TSK0,833,no_signals,127.35
chg_env,ED1_AS1_ENV2_TSK0,834,fdom,256.0
chg_env,ED1_AS1_ENV2_TSK0,834,no_sensors,256.0
chg_env,ED1_AS1_ENV2_TSK0,834,no_signals,125.59
chg_env,ED1_AS1_ENV2_TSK0,835,fdom,256.0
chg_env,ED1_AS1_ENV2_TSK0,835,no_sensors,256.0
chg_env,ED1_AS1_ENV2_TSK0,835,no_signals,127.77
chg_env,ED1_AS1_ENV2_TSK0,836,fdom,256.0
chg_env,ED1_AS1_ENV2_TSK0,836,no_sensors,256.0
chg_env,ED1_AS1_ENV2_TSK0,836,no_signals,128.96
chg_env,ED1_AS1_ENV2_TSK0,837,fdom,256.0
chg_env,ED1_AS1_ENV2_TSK0,837,no_sensors,256.0
chg_env,ED1_AS1_ENV2_TSK0,837,no_signals,128.59
chg_env,ED1_AS1_ENV2_TSK0,838,fdom,256.0
chg_env,ED1_AS1_ENV2_TSK0,838,no_sensors,256.0
chg_env,ED1_AS1_ENV2_TSK0,838,no_signals,128.14
chg_env,ED1_AS1_ENV2_TSK0,839,fdom,256.0
chg_env,ED1_AS1_ENV2_TSK0,839,no_sensors,256.0
chg_env,ED1_AS1_ENV2_TSK0,839,no_signals,123.22
chg_env,ED1_AS1_ENV2_TSK0,840,fdom,256.0
chg_env,ED1_AS1_ENV2_TSK0,840,no_sensors,256.0
chg_env,ED1_AS1_ENV2_TSK0,840,no_signals,0.0
chg_env,ED1_AS1_ENV2_TSK0,841,fdom,256.0
chg_env,ED1_AS1_ENV2_TSK0,841,no_sensors,256.0
chg_env,ED1_AS1_ENV2_TSK0,841,no_signals,128.39
chg_env,ED1_AS1_ENV2_TSK0,842,fdom,256.0
chg_env,ED1_AS1_ENV2_TSK0,842,no_sensors,256.0
chg_env,ED1_AS1_ENV2_TSK0,842,no_signals,126.2
chg_env,ED1_AS1_ENV2_TSK0,843,fdom,256.0
chg_env,ED1_AS1_ENV2_TSK0,843,no_sensors,256.0
chg_env,ED1_AS1_ENV2_TSK0,843,no_signals,125.19
chg_env,ED1_AS1_ENV2_TSK0,844,fdom,256.0
chg_env,ED1_AS1_ENV2_TSK0,844,no_sensors,256.0
chg_env,ED1_AS1_ENV2_TSK0,844,no_signals,116.9
chg_env,ED1_AS1_ENV2_TSK0,845,fdom,256.0
chg_env,ED1_AS1_ENV2_TSK0,845,no_sensors,256.0
chg_env,ED1_AS1_ENV2_TSK0,845,no_signals,131.16
chg_env,ED1_AS1_ENV2_TSK0,846,fdom,256.0
chg_env,ED1_AS1_ENV2_TSK0,846,no_sensors,256.0
chg_env,ED1_AS1_ENV2_TSK0,846,no_signals,127.09
chg_env,ED1_AS1_ENV2_TSK0,847,fdom,256.0
chg_env,ED1_AS1_ENV2_TSK0,847,no_sensors,256.0
chg_env,ED1_AS1_ENV2_TSK0,847,no_signals,134.81
chg_env,ED1_AS1_ENV2_TSK0,848,fdom,256.0
chg_env,ED1_AS1_ENV2_TSK0,848,no_sensors,256.0
chg_env,ED1_AS1_ENV2_TSK0,848,no_signals,127.21
chg_env,ED1_AS1_ENV2_TSK0,849,fdom,256.0
chg_env,ED1_AS1_ENV2_TSK0,849,no_sensors,256.0
chg_env,ED1_AS1_ENV2_TSK0,849,no_signals,127.21
chg_env,ED1_AS1_ENV2_TSK0,850,fdom,256.0
chg_env,ED1_AS1_ENV2_TSK0,850,no_sensors,256.0
chg_env,ED1_AS1_ENV2_TSK0,850,no_signals,125.14
chg_env,ED1_AS1_ENV2_TSK0,851,fdom,256.0
chg_env,ED1_AS1_ENV2_TSK0,851,no_sensors,256.0
chg_env,ED1_AS1_ENV2_TSK0,851,no_signals,127.52
chg_env,ED1_AS1_ENV2_TSK0,852,fdom,256.0
chg_env,ED1_AS1_ENV2_TSK0,852,no_sensors,256.0
chg_env,ED1_AS1_ENV2_TSK0,852,no_signals,128.84
chg_env,ED1_AS1_ENV2_TSK0,853,fdom,256.0
chg_env,ED1_AS1_ENV2_TSK0,853,no_sensors,256.0
chg_env,ED1_AS1_ENV2_TSK0,853,no_signals,123.54
chg_env,ED1_AS1_ENV2_TSK0,854,fdom,256.0
chg_env,ED1_AS1_ENV2_TSK0,854,no_sensors,256.0
chg_env,ED1_AS1_ENV2_TSK0,854,no_signals,127.21
chg_env,ED1_AS1_ENV2_TSK0,855,fdom,256.0
chg_env,ED1_AS1_ENV2_TSK0,855,no_sensors,256.0
chg_env,ED1_AS1_ENV2_TSK0,855,no_signals,127.1
chg_env,ED1_AS1_ENV2_TSK0,856,fdom,256.0
chg_env,ED1_AS1_ENV2_TSK0,856,no_sensors,256.0
chg_env,ED1_AS1_ENV2_TSK0,856,no_signals,132.7
chg_env,ED1_AS1_ENV2_TSK0,857,fdom,256.0
chg_env,ED1_AS1_ENV2_TSK0,857,no_sensors,256.0
chg_env,ED1_AS1_ENV2_TSK0,857,no_signals,130.55
chg_env,ED1_AS1_ENV2_TSK0,858,fdom,256.0
chg_env,ED1_AS1_ENV2_TSK0,858,no_sensors,256.0
chg_env,ED1_AS1_ENV2_TSK0,858,no_signals,126.59
chg_env,ED1_AS1_ENV2_TSK0,859,fdom,256.0
chg_env,ED1_AS1_ENV2_TSK0,859,no_sensors,256.0
chg_env,ED1_AS1_ENV2_TSK0,859,no_signals,128.16
chg_env,ED1_AS1_ENV2_TSK0,860,fdom,256.0
chg_env,ED1_AS1_ENV2_TSK0,860,no_sensors,256.0
chg_env,ED1_AS1_ENV2_TSK0,860,no_signals,124.34
chg_env,ED1_AS1_ENV2_TSK0,861,fdom,256.0
chg_env,ED1_AS1_ENV2_TSK0,861,no_sensors,256.0
chg_env,ED1_AS1_ENV2_TSK0,861,no_signals,130.08
chg_env,ED1_AS1_ENV2_TSK0,862,fdom,256.0
chg_env,ED1_AS1_ENV2_TSK0,862,no_sensors,256.0
chg_env,ED1_AS1_ENV2_TSK0,862,no_signals,128.92
chg_env,ED1_AS1_ENV2_TSK0,863,fdom,256.0
chg_env,ED1_AS1_ENV2_TSK0,863,no_sensors,256.0
chg_env,ED1_AS1_ENV2_TSK0,863,no_signals,126.89
chg_env,ED1_AS1_ENV2_TSK0,864,fdom,256.0
chg_env,ED1_AS1_ENV2_TSK0,864,no_sensors,256.0
chg_env,ED1_AS1_ENV2_TSK0,864,no_signals,131.12
chg_env,ED1_AS1_ENV2_TSK0,865,fdom,256.0
chg_env,ED1_AS1_ENV2_TSK0,865,no_sensors,256.0
chg_env,ED1_AS1_ENV2_TSK0,865,no_signals,127.23
chg_env,ED1_AS1_ENV2_TSK0,866,fdom,256.0
chg_env,ED1_AS1_ENV2_TSK0,866,no_sensors,256.0
chg_env,ED1_AS1_ENV2_TSK0,866,no_signals,130.76
chg_env,ED1_AS1_ENV2_TSK0,867,fdom,256.0
chg_env,ED1_AS1_ENV2_TSK0,867,no_sensors,256.0
chg_env,ED1_AS1_ENV2_TSK0,867,no_signals,128.56
chg_env,ED1_AS1_ENV2_TSK0,868,fdom,256.0
chg_env,ED1_AS1_ENV2_TSK0,868,no_sensors,256.0
chg_env,ED1_AS1_ENV2_TSK0,868,no_signals,126.72
chg_env,ED1_AS1_ENV2_TSK0,869,fdom,256.0
chg_env,ED1_AS1_ENV2_TSK0,869,no_sensors,256.0
chg_env,ED1_AS1_ENV2_TSK0,869,no_signals,125.11
chg_env,ED1_AS1_ENV2_TSK0,870,fdom,256.0
chg_env,ED1_AS1_ENV2_TSK0,870,no_sensors,256.0
chg_env,ED1_AS1_ENV2_TSK0,870,no_signals,121.16
chg_env,ED1_AS1_ENV2_TSK0,871,fdom,256.0
chg_env,ED1_AS1_ENV2_TSK0,871,no_sensors,256.0
chg_env,ED1_AS1_ENV2_TSK0,871,no_signals,127.91
chg_env,ED1_AS1_ENV2_TSK0,872,fdom,256.0
chg_env,ED1_AS1_ENV2_TSK0,872,no_sensors,256.0
chg_env,ED1_AS1_ENV2_TSK0,872,no_signals,130.19
chg_env,ED1_AS1_ENV2_TSK0,873,fdom,256.0
chg_env,ED1_AS1_ENV2_TSK0,873,no_sensors,256.0
chg_env,ED1_AS1_ENV2_TSK0,873,no_signals,123.24
chg_env,ED1_AS1_ENV2_TSK0,874,fdom,256.0
chg_env,ED1_AS1_ENV2_TSK0,874,no_sensors,256.0
chg_env,ED1_AS1_ENV2_TSK0,874,no_signals,131.09
chg_env,ED1_AS1_ENV2_TSK0,875,fdom,256.0
chg_env,ED1_AS1_ENV2_TSK0,875,no_sensors,256.0
chg_env,ED1_AS1_ENV2_TSK0,875,no_signals,126.27
chg_env,ED1_AS1_ENV2_TSK0,876,fdom,256.0
chg_env,ED1_AS1_ENV2_TSK0,876,no_sensors,256.0
chg_env,ED1_AS1_ENV2_TSK0,876,no_signals,130.51
chg_env,ED1_AS1_ENV2_TSK0,877,fdom,256.0
chg_env,ED1_AS1_ENV2_TSK0,877,no_sensors,256.0
chg_env,ED1_AS1_ENV2_TSK0,877,no_signals,126.91
chg_env,ED1_AS1_ENV2_TSK0,878,fdom,256.0
chg_env,ED1_AS1_ENV2_TSK0,878,no_sensors,256.0
chg_env,ED1_AS1_ENV2_TSK0,878,no_signals,123.3
chg_env,ED1_AS1_ENV2_TSK0,879,fdom,256.0
chg_env,ED1_AS1_ENV2_TSK0,879,no_sensors,256.0
chg_env,ED1_AS1_ENV2_TSK0,879,no_signals,129.41
chg_env,ED1_AS1_ENV2_TSK0,880,fdom,256.0
chg_env,ED1_AS1_ENV2_TSK0,880,no_sensors,256.0
chg_env,ED1_AS1_ENV2_TSK0,880,no_signals,132.54
chg_env,ED1_AS1_ENV2_TSK0,881,fdom,256.0
chg_env,ED1_AS1_ENV2_TSK0,881,no_sensors,256.0
chg_env,ED1_AS1_ENV2_TSK0,881,no_signals,130.36
chg_env,ED1_AS1_ENV2_TSK0,882,fdom,256.0
chg_env,ED1_AS1_ENV2_TSK0,882,no_sensors,256.0
chg_env,ED1_AS1_ENV2_TSK0,882,no_signals,127.34
chg_env,ED1_AS1_ENV2_TSK0,883,fdom,256.0
chg_env,ED1_AS1_ENV2_TSK0,883,no_sensors,256.0
chg_env,ED1_AS1_ENV2_TSK0,883,no_signals,125.36
chg_env,ED1_AS1_ENV2_TSK0,884,fdom,256.0
chg_env,ED1_AS1_ENV2_TSK0,884,no_sensors,256.0
chg_env,ED1_AS1_ENV2_TSK0,884,no_signals,131.22
chg_env,ED1_AS1_ENV2_TSK0,885,fdom,256.0
chg_env,ED1_AS1_ENV2_TSK0,885,no_sensors,256.0
chg_env,ED1_AS1_ENV2_TSK0,885,no_signals,130.65
chg_env,ED1_AS1_ENV2_TSK0,886,fdom,256.0
chg_env,ED1_AS1_ENV2_TSK0,886,no_sensors,256.0
chg_env,ED1_AS1_ENV2_TSK0,886,no_signals,127.37
chg_env,ED1_AS1_ENV2_TSK0,887,fdom,256.0
chg_env,ED1_AS1_ENV2_TSK0,887,no_sensors,256.0
chg_env,ED1_AS1_ENV2_TSK0,887,no_signals,126.53
chg_env,ED1_AS1_ENV2_TSK0,888,fdom,256.0
chg_env,ED1_AS1_ENV2_TSK0,888,no_sensors,256.0
chg_env,ED1_AS1_ENV2_TSK0,888,no_signals,126.3
chg_env,ED1_AS1_ENV2_TSK0,889,fdom,256.0
chg_env,ED1_AS1_ENV2_TSK0,889,no_sensors,256.0
chg_env,ED1_AS1_ENV2_TSK0,889,no_signals,123.28
chg_env,ED1_AS1_ENV2_TSK0,890,fdom,256.0
chg_env,ED1_AS1_ENV2_TSK0,890,no_sensors,256.0
chg_env,ED1_AS1_ENV2_TSK0,890,no_signals,126.44
chg_env,ED1_AS1_ENV2_TSK0,891,fdom,256.0
chg_env,ED1_AS1_ENV2_TSK0,891,no_sensors,256.0
chg_env,ED1_AS1_ENV2_TSK0,891,no_signals,129.38
chg_env,ED1_AS1_ENV2_TSK0,892,fdom,256.0
chg_env,ED1_AS1_ENV2_TSK0,892,no_sensors,256.0
chg_env,ED1_AS1_ENV2_TSK0,892,no_signals,126.12
chg_env,ED1_AS1_ENV2_TSK0,893,fdom,256.0
chg_env,ED1_AS1_ENV2_TSK0,893,no_sensors,256.0
chg_env,ED1_AS1_ENV2_TSK0,893,no_signals,123.02
chg_env,ED1_AS1_ENV2_TSK0,894,fdom,256.0
chg_env,ED1_AS1_ENV2_TSK0,894,no_sensors,256.0
chg_env,ED1_AS1_ENV2_TSK0,894,no_signals,131.58
chg_env,ED1_AS1_ENV2_TSK0,895,fdom,256.0
chg_env,ED1_AS1_ENV2_TSK0,895,no_sensors,256.0
chg_env,ED1_AS1_ENV2_TSK0,895,no_signals,132.37
chg_env,ED1_AS1_ENV2_TSK0,896,fdom,256.0
chg_env,ED1_AS1_ENV2_TSK0,896,no_sensors,256.0
chg_env,ED1_AS1_ENV2_TSK0,896,no_signals,127.88
chg_env,ED1_AS1_ENV2_TSK0,897,fdom,256.0
chg_env,ED1_AS1_ENV2_TSK0,897,no_sensors,256.0
chg_env,ED1_AS1_ENV2_TSK0,897,no_signals,123.03
chg_env,ED1_AS1_ENV2_TSK0,898,fdom,256.0
chg_env,ED1_AS1_ENV2_TSK0,898,no_sensors,256.0
chg_env,ED1_AS1_ENV2_TSK0,898,no_signals,131.56
chg_env,ED1_AS1_ENV2_TSK0,899,fdom,256.0
chg_env,ED1_AS1_ENV2_TSK0,899,no_sensors,256.0
chg_env,ED1_AS1_ENV2_TSK0,899,no_signals,0.0
chg_env,ED1_AS1_ENV2_TSK0,900,fdom,256.0
chg_env,ED1_AS1_ENV2_TSK0,900,no_sensors,256.0
chg_env,ED1_AS1_ENV2_TSK0,900,no_signals,129.31
chg_env,ED1_AS1_ENV4_TSK0,1000,fdom,256.0
chg_env,ED1_AS1_ENV4_TSK0,1000,no_sensors,256.0
chg_env,ED1_AS1_ENV4_TSK0,1000,no_signals,66.16
chg_env,ED1_AS1_ENV4_TSK0,901,fdom,256.0
chg_env,ED1_AS1_ENV4_TSK0,901,no_sensors,256.0
chg_env,ED1_AS1_ENV4_TSK0,901,no_signals,65.24
chg_env,ED1_AS1_ENV4_TSK0,902,fdom,256.0
chg_env,ED1_AS1_ENV4_TSK0,902,no_sensors,256.0
chg_env,ED1_AS1_ENV4_TSK0,902,no_signals,61.67
chg_env,ED1_AS1_ENV4_TSK0,903,fdom,256.0
chg_env,ED1_AS1_ENV4_TSK0,903,no_sensors,256.0
chg_env,ED1_AS1_ENV4_TSK0,903,no_signals,63.81
chg_env,ED1_AS1_ENV4_TSK0,904,fdom,256.0
chg_env,ED1_AS1_ENV4_TSK0,904,no_sensors,256.0
chg_env,ED1_AS1_ENV4_TSK0,904,no_signals,64.5
chg_env,ED1_AS1_ENV4_TSK0,905,fdom,256.0
chg_env,ED1_AS1_ENV4_TSK0,905,no_sensors,256.0
chg_env,ED1_AS1_ENV4_TSK0,905,no_signals,0.0
chg_env,ED1_AS1_ENV4_TSK0,906,fdom,256.0
chg_env,ED1_AS1_ENV4_TSK0,906,no_sensors,256.0
chg_env,ED1_AS1_ENV4_TSK0,906,no_signals,67.57
chg_env,ED1_AS1_ENV4_TSK0,907,fdom,256.0
chg_env,ED1_AS1_ENV4_TSK0,907,no_sensors,256.0
chg_env,ED1_AS1_ENV4_TSK0,907,no_signals,67.65
chg_env,ED1_AS1_ENV4_TSK0,908,fdom,256.0
chg_env,ED1_AS1_ENV4_TSK0,908,no_sensors,256.0
chg_env,ED1_AS1_ENV4_TSK0,908,no_signals,59.76
chg_env,ED1_AS1_ENV4_TSK0,909,fdom,256.0
chg_env,ED1_AS1_ENV4_TSK0,909,no_sensors,256.0
chg_env,ED1_AS1_ENV4_TSK0,909,no_signals,66.53
chg_env,ED1_AS1_ENV4_TSK0,910,fdom,256.0
chg_env,ED1_AS1_ENV4_TSK0,910,no_sensors,256.0
chg_env,ED1_AS1_ENV4_TSK0,910,no_signals,61.29
chg_env,ED1_AS1_ENV4_TSK0,911,fdom,256.0
chg_env,ED1_AS1_ENV4_TSK0,911,no_sensors,256.0
chg_env,ED1_AS1_ENV4_TSK0,911,no_signals,64.93
chg_env,ED1_AS1_ENV4_TSK0,912,fdom,256.0
chg_env,ED1_AS1_ENV4_TSK0,912,no_sensors,256.0
chg_env,ED1_AS1_ENV4_TSK0,912,no_signals,61.67
chg_env,ED1_AS1_ENV4_TSK0,913,fdom,256.0
chg_env,ED1_AS1_ENV4_TSK0,913,no_sensors,256.0
chg_env,ED1_AS1_ENV4_TSK0,913,no_signals,65.56
chg_env,ED1_AS1_ENV4_TSK0,914,fdom,256.0
chg_env,ED1_AS1_ENV4_TSK0,914,no_sensors,256.0
chg_env,ED1_AS1_ENV4_TSK0,914,no_signals,62.54
chg_env,ED1_AS1_ENV4_TSK0,915,fdom,256.0
chg_env,ED1_AS1_ENV4_TSK0,915,no_sensors,256.0
chg_env,ED1_AS1_ENV4_TSK0,915,no_signals,66.62
chg_env,ED1_AS1_ENV4_TSK0,916,fdom,256.0
chg_env,ED1_AS1_ENV4_TSK0,916,no_sensors,256.0
chg_env,ED1_AS1_ENV4_TSK0,916,no_signals,64.39
chg_env,ED1_AS1_ENV4_TSK0,917,fdom,256.0
chg_env,ED1_AS1_ENV4_TSK0,917,no_sensors,256.0
chg_env,ED1_AS1_ENV4_TSK0,917,no_signals,62.13
chg_env,ED1_AS1_ENV4_TSK0,918,fdom,256.0
chg_env,ED1_AS1_ENV4_TSK0,918,no_sensors,256.0
chg_env,ED1_AS1_ENV4_TSK0,918,no_signals,67.34
chg_env,ED1_AS1_ENV4_TSK0,919,fdom,256.0
chg_env,ED1_AS1_ENV4_TSK0,919,no_sensors,256.0
chg_env,ED1_AS1_ENV4_TSK0,919,no_signals,60.81
chg_env,ED1_AS1_ENV4_TSK0,920,fdom,256.0
chg_env,ED1_AS1_ENV4_TSK0,920,no_sensors,256.0
chg_env,ED1_AS1_ENV4_TSK0,920,no_signals,61.28
chg_env,ED1_AS1_ENV4_TSK0,921,fdom,256.0
chg_env,ED1_AS1_ENV4_TSK0,921,no_sensors,256.0
chg_env,ED1_AS1_ENV4_TSK0,921,no_signals,64.43
chg_env,ED1_AS1_ENV4_TSK0,922,fdom,256.0
chg_env,ED1_AS1_ENV4_TSK0,922,no_sensors,256.0
chg_env,ED1_AS1_ENV4_TSK0,922,no_signals,66.28
chg_env,ED1_AS1_ENV4_TSK0,923,fdom,256.0
chg_env,ED1_AS1_ENV4_TSK0,923,no_sensors,256.0
chg_env,ED1_AS1_ENV4_TSK0,923,no_signals,56.66
chg_env,ED1_AS1_ENV4_TSK0,924,fdom,256.0
chg_env,ED1_AS1_ENV4_TSK0,924,no_sensors,256.0
chg_env,ED1_AS1_ENV4_TSK0,924,no_signals,63.67
chg_env,ED1_AS1_ENV4_TSK0,925,fdom,256.0
chg_env,ED1_AS1_ENV4_TSK0,925,no_sensors,256.0
chg_env,ED1_AS1_ENV4_TSK0,925,no_signals,64.87
chg_env,ED1_AS1_ENV4_TSK0,926,fdom,256.0
chg_env,ED1_AS1_ENV4_TSK0,926,no_sensors,256.0
chg_env,ED1_AS1_ENV4_TSK0,926,no_signals,65.52
chg_env,ED1_AS1_ENV4_TSK0,927,fdom,256.0
chg_env,ED1_AS1_ENV4_TSK0,927,no_sensors,256.0
chg_env,ED1_AS1_ENV4_TSK0,927,no_signals,64.88
chg_env,ED1_AS1_ENV4_TSK0,928,fdom,256.0
chg_env,ED1_AS1_ENV4_TSK0,928,no_sensors,256.0
chg_env,ED1_AS1_ENV4_TSK0,928,no_signals,63.24
chg_env,ED1_AS1_ENV4_TSK0,929,fdom,256.0
chg_env,ED1_AS1_ENV4_TSK0,929,no_sensors,256.0
chg_env,ED1_AS1_ENV4_TSK0,929,no_signals,64.22
chg_env,ED1_AS1_ENV4_TSK0,930,fdom,256.0
chg_env,ED1_AS1_ENV4_TSK0,930,no_sensors,256.0
chg_env,ED1_AS1_ENV4_TSK0,930,no_signals,67.02
chg_env,ED1_AS1_ENV4_TSK0,931,fdom,256.0
chg_env,ED1_AS1_ENV4_TSK0,931,no_sensors,256.0
chg_env,ED1_AS1_ENV4_TSK0,931,no_signals,65.52
chg_env,ED1_AS1_ENV4_TSK0,932,fdom,256.0
chg_env,ED1_AS1_ENV4_TSK0,932,no_sensors,256.0
chg_env,ED1_AS1_ENV4_TSK0,932,no_signals,64.22
chg_env,ED1_AS1_ENV4_TSK0,933,fdom,256.0
chg_env,ED1_AS1_ENV4_TSK0,933,no_sensors,256.0
chg_env,ED1_AS1_ENV4_TSK0,933,no_signals,64.94
chg_env,ED1_AS1_ENV4_TSK0,934,fdom,256.0
chg_env,ED1_AS1_ENV4_TSK0,934,no_sensors,256.0
chg_env,ED1_AS1_ENV4_TSK0,934,no_signals,64.41
chg_env,ED1_AS1_ENV4_TSK0,935,fdom,256.0
chg_env,ED1_AS1_ENV4_TSK0,935,no_sensors,256.0
chg_env,ED1_AS1_ENV4_TSK0,935,no_signals,62.42
chg_env,ED1_AS1_ENV4_TSK0,936,fdom,256.0
chg_env,ED1_AS1_ENV4_TSK0,936,no_sensors,256.0
chg_env,ED1_AS1_ENV4_TSK0,936,no_signals,66.82
chg_env,ED1_AS1_ENV4_TSK0,937,fdom,256.0
chg_env,ED1_AS1_ENV4_TSK0,937,no_sensors,256.0
chg_env,ED1_AS1_ENV4_TSK0,937,no_signals,61.86
chg_env,ED1_AS1_ENV4_TSK0,938,fdom,256.0
chg_env,ED1_AS1_ENV4_TSK0,938,no_sensors,256.0
chg_env,ED1_AS1_ENV4_TSK0,938,no_signals,62.02
chg_env,ED1_AS1_ENV4_TSK0,939,fdom,256.0
chg_env,ED1_AS1_ENV4_TSK0,939,no_sensors,256.0
chg_env,ED1_AS1_ENV4_TSK0,939,no_signals,62.71
chg_env,ED1_AS1_ENV4_TSK0,940,fdom,256.0
chg_env,ED1_AS1_ENV4_TSK0,940,no_sensors,256.0
chg_env,ED1_AS1_ENV4_TSK0,940,no_signals,66.7
chg_env,ED1_AS1_ENV4_TSK0,941,fdom,256.0
chg_env,ED1_AS1_ENV4_TSK0,941,no_sensors,256.0
chg_env,ED1_AS1_ENV4_TSK0,941,no_signals,67.29
chg_env,ED1_AS1_ENV4_TSK0,942,fdom,256.0
chg_env,ED1_AS1_ENV4_TSK0,942,no_sensors,256.0
chg_env,ED1_AS1_ENV4_TSK0,942,no_signals,0.0
chg_env,ED1_AS1_ENV4_TSK0,943,fdom,256.0
chg_env,ED1_AS1_ENV4_TSK0,943,no_sensors,256.0
chg_env,ED1_AS1_ENV4_TSK0,943,no_signals,62.9
chg_env,ED1_AS1_ENV4_TSK0,944,fdom,256.0
chg_env,ED1_AS1_ENV4_TSK0,944,no_sensors,256.0
chg_env,ED1_AS1_ENV4_TSK0,944,no_signals,61.11
chg_env,ED1_AS1_ENV4_TSK0,945,fdom,256.0
chg_env,ED1_AS1_ENV4_TSK0,945,no_sensors,256.0
chg_env,ED1_AS1_ENV4_TSK0,945,no_signals,63.4
chg_env,ED1_AS1_ENV4_TSK0,946,fdom,256.0
chg_env,ED1_AS1_ENV4_TSK0,946,no_sensors,256.0
chg_env,ED1_AS1_ENV4_TSK0,946,no_signals,66.92
chg_env,ED1_AS1_ENV4_TSK0,947,fdom,256.0
chg_env,ED1_AS1_ENV4_TSK0,947,no_sensors,256.0
chg_env,ED1_AS1_ENV4_TSK0,947,no_signals,66.54
chg_env,ED1_AS1_ENV4_TSK0,948,fdom,256.0
chg_env,ED1_AS1_ENV4_TSK0,948,no_sensors,256.0
chg_env,ED1_AS1_ENV4_TSK0,948,no_signals,66.97
chg_env,ED1_AS1_ENV4_TSK0,949,fdom,256.0
chg_env,ED1_AS1_ENV4_TSK0,949,no_sensors,256.0
chg_env,ED1_AS1_ENV4_TSK0,949,no_signals,63.64
chg_env,ED1_AS1_ENV4_TSK0,950,fdom,256.0
chg_env,ED1_AS1_ENV4_TSK0,950,no_sensors,256.0
chg_env,ED1_AS1_ENV4_TSK0,950,no_signals,68.62
chg_env,ED1_AS1_ENV4_TSK0,951,fdom,256.0
chg_env,ED1_AS1_ENV4_TSK0,951,no_sensors,256.0
chg_env,ED1_AS1_ENV4_TSK0,951,no_signals,67.56
chg_env,ED1_AS1_ENV4_TSK0,952,fdom,256.0
chg_env,ED1_AS1_ENV4_TSK0,952,no_sensors,256.0
chg_env,ED1_AS1_ENV4_TSK0,952,no_signals,60.72
chg_env,ED1_AS1_ENV4_TSK0,953,fdom,256.0
chg_env,ED1_AS1_ENV4_TSK0,953,no_sensors,256.0
chg_env,ED1_AS1_ENV4_TSK0,953,no_signals,66.54
chg_env,ED1_AS1_ENV4_TSK0,954,fdom,256.0
chg_env,ED1_AS1_ENV4_TSK0,954,no_sensors,256.0
chg_env,ED1_AS1_ENV4_TSK0,954,no_signals,58.53
chg_env,ED1_AS1_ENV4_TSK0,955,fdom,256.0
chg_env,ED1_AS1_ENV4_TSK0,955,no_sensors,256.0
chg_env,ED1_AS1_ENV4_TSK0,955,no_signals,59.89
chg_env,ED1_AS1_ENV4_TSK0,956,fdom,256.0
chg_env,ED1_AS1_ENV4_TSK0,956,no_sensors,256.0
chg_env,ED1_AS1_ENV4_TSK0,956,no_signals,64.77
chg_env,ED1_AS1_ENV4_TSK0,957,fdom,256.0
chg_env,ED1_AS1_ENV4_TSK0,957,no_sensors,256.0
chg_env,ED1_AS1_ENV4_TSK0,957,no_signals,65.89
chg_env,ED1_AS1_ENV4_TSK0,958,fdom,256.0
chg_env,ED1_AS1_ENV4_TSK0,958,no_sensors,256.0
chg_env,ED1_AS1_ENV4_TSK0,958,no_signals,66.9
chg_env,ED1_AS1_ENV4_TSK0,959,fdom,256.0
chg_env,ED1_AS1_ENV4_TSK0,959,no_sensors,256.0
chg_env,ED1_AS1_ENV4_TSK0,959,no_signals,60.38
chg_env,ED1_AS1_ENV4_TSK0,960,fdom,256.0
chg_env,ED1_AS1_ENV4_TSK0,960,no_sensors,256.0
chg_env,ED1_AS1_ENV4_TSK0,960,no_signals,63.59
chg_env,ED1_AS1_ENV4_TSK0,961,fdom,256.0
chg_env,ED1_AS1_ENV4_TSK0,961,no_sensors,256.0
chg_env,ED1_AS1_ENV4_TSK0,961,no_signals,57.12
chg_env,ED1_AS1_ENV4_TSK0,962,fdom,256.0
chg_env,ED1_AS1_ENV4_TSK0,962,no_sensors,256.0
chg_env,ED1_AS1_ENV4_TSK0,962,no_signals,67.16
chg_env,ED1_AS1_ENV4_TSK0,963,fdom,256.0
chg_env,ED1_AS1_ENV4_TSK0,963,no_sensors,256.0
chg_env,ED1_AS1_ENV4_TSK0,963,no_signals,68.92
chg_env,ED1_AS1_ENV4_TSK0,964,fdom,256.0
chg_env,ED1_AS1_ENV4_TSK0,964,no_sensors,256.0
chg_env,ED1_AS1_ENV4_TSK0,964,no_signals,59.08
chg_env,ED1_AS1_ENV4_TSK0,965,fdom,256.0
chg_env,ED1_AS1_ENV4_TSK0,965,no_sensors,256.0
chg_env,ED1_AS1_ENV4_TSK0,965,no_signals,66.25
chg_env,ED1_AS1_ENV4_TSK0,966,fdom,256.0
chg_env,ED1_AS1_ENV4_TSK0,966,no_sensors,256.0
chg_env,ED1_AS1_ENV4_TSK0,966,no_signals,60.69
chg_env,ED1_AS1_ENV4_TSK0,967,fdom,256.0
chg_env,ED1_AS1_ENV4_TSK0,967,no_sensors,256.0
chg_env,ED1_AS1_ENV4_TSK0,967,no_signals,58.74
chg_env,ED1_AS1_ENV4_TSK0,968,fdom,256.0
chg_env,ED1_AS1_ENV4_TSK0,968,no_sensors,256.0
chg_env,ED1_AS1_ENV4_TSK0,968,no_signals,63.76
chg_env,ED1_AS1_ENV4_TSK0,969,fdom,256.0
chg_env,ED1_AS1_ENV4_TSK0,969,no_sensors,256.0
chg_env,ED1_AS1_ENV4_TSK0,969,no_signals,59.69
chg_env,ED1_AS1_ENV4_TSK0,970,fdom,256.0
chg_env,ED1_AS1_ENV4_TSK0,970,no_sensors,256.0
chg_env,ED1_AS1_ENV4_TSK0,970,no_signals,67.94
chg_env,ED1_AS1_ENV4_TSK0,971,fdom,256.0
chg_env,ED1_AS1_ENV4_TSK0,971,no_sensors,256.0
chg_env,ED1_AS1_ENV4_TSK0,971,no_signals,66.15
chg_env,ED1_AS1_ENV4_TSK0,972,fdom,256.0
chg_env,ED1_AS1_ENV4_TSK0,972,no_sensors,256.0
chg_env,ED1_AS1_ENV4_TSK0,972,no_signals,64.5
chg_env,ED1_AS1_ENV4_TSK0,973,fdom,256.0
chg_env,ED1_AS1_ENV4_TSK0,973,no_sensors,256.0
chg_env,ED1_AS1_ENV4_TSK0,973,no_signals,59.86
chg_env,ED1_AS1_ENV4_TSK0,974,fdom,256.0
chg_env,ED1_AS1_ENV4_TSK0,974,no_sensors,256.0
chg_env,ED1_AS1_ENV4_TSK0,974,no_signals,61.59
chg_env,ED1_AS1_ENV4_TSK0,975,fdom,256.0
chg_env,ED1_AS1_ENV4_TSK0,975,no_sensors,256.0
chg_env,ED1_AS1_ENV4_TSK0,975,no_signals,64.05
chg_env,ED1_AS1_ENV4_TSK0,976,fdom,256.0
chg_env,ED1_AS1_ENV4_TSK0,976,no_sensors,256.0
chg_env,ED1_AS1_ENV4_TSK0,976,no_signals,60.16
chg_env,ED1_AS1_ENV4_TSK0,977,fdom,256.0
chg_env,ED1_AS1_ENV4_TSK0,977,no_sensors,256.0
chg_env,ED1_AS1_ENV4_TSK0,977,no_signals,65.73
chg_env,ED1_AS1_ENV4_TSK0,978,fdom,256.0
chg_env,ED1_AS1_ENV4_TSK0,978,no_sensors,256.0
chg_env,ED1_AS1_ENV4_TSK0,978,no_signals,63.7
chg_env,ED1_AS1_ENV4_TSK0,979,fdom,256.0
chg_env,ED1_AS1_ENV4_TSK0,979,no_sensors,256.0
chg_env,ED1_AS1_ENV4_TSK0,979,no_signals,66.44
chg_env,ED1_AS1_ENV4_TSK0,980,fdom,256.0
chg_env,ED1_AS1_ENV4_TSK0,980,no_sensors,256.0
chg_env,ED1_AS1_ENV4_TSK0,980,no_signals,66.85
chg_env,ED1_AS1_ENV4_TSK0,981,fdom,256.0
chg_env,ED1_AS1_ENV4_TSK0,981,no_sensors,256.0
chg_env,ED1_AS1_ENV4_TSK0,981,no_signals,62.01
chg_env,ED1_AS1_ENV4_TSK0,982,fdom,256.0
chg_env,ED1_AS1_ENV4_TSK0,982,no_sensors,256.0
chg_env,ED1_AS1_ENV4_TSK0,982,no_signals,57.82
chg_env,ED1_AS1_ENV4_TSK0,983,fdom,256.0
chg_env,ED1_AS1_ENV4_TSK0,983,no_sensors,256.0
chg_env,ED1_AS1_ENV4_TSK0,983,no_signals,62.25
chg_env,ED1_AS1_ENV4_TSK0,984,fdom,256.0
chg_env,ED1_AS1_ENV4_TSK0,984,no_sensors,256.0
chg_env,ED1_AS1_ENV4_TSK0,984,no_signals,62.07
chg_env,ED1_AS1_ENV4_TSK0,985,fdom,256.0
chg_env,ED1_AS1_ENV4_TSK0,985,no_sensors,256.0
chg_env,ED1_AS1_ENV4_TSK0,985,no_signals,61.67
chg_env,ED1_AS1_ENV4_TSK0,986,fdom,256.0
chg_env,ED1_AS1_ENV4_TSK0,986,no_sensors,256.0
chg_env,ED1_AS1_ENV4_TSK0,986,no_signals,64.07
chg_env,ED1_AS1_ENV4_TSK0,987,fdom,256.0
chg_env,ED1_AS1_ENV4_TSK0,987,no_sensors,256.0
chg_env,ED1_AS1_ENV4_TSK0,987,no_signals,63.01
chg_env,ED1_AS1_ENV4_TSK0,988,fdom,256.0
chg_env,ED1_AS1_ENV4_TSK0,988,no_sensors,256.0
chg_env,ED1_AS1_ENV4_TSK0,988,no_signals,69.19
chg_env,ED1_AS1_ENV4_TSK0,989,fdom,256.0
chg_env,ED1_AS1_ENV4_TSK0,989,no_sensors,256.0
chg_env,ED1_AS1_ENV4_TSK0,989,no_signals,59.68
chg_env,ED1_AS1_ENV4_TSK0,990,fdom,256.0
chg_env,ED1_AS1_ENV4_TSK0,990,no_sensors,256.0
chg_env,ED1_AS1_ENV4_TSK0,990,no_signals,65.41
chg_env,ED1_AS1_ENV4_TSK0,991,fdom,256.0
chg_env,ED1_AS1_ENV4_TSK0,991,no_sensors,256.0
chg_env,ED1_AS1_ENV4_TSK0,991,no_signals,63.57
chg_env,ED1_AS1_ENV4_TSK0,992,fdom,256.0
chg_env,ED1_AS1_ENV4_TSK0,992,no_sensors,256.0
chg_env,ED1_AS1_ENV4_TSK0,992,no_signals,60.22
chg_env,ED1_AS1_ENV4_TSK0,993,fdom,256.0
chg_env,ED1_AS1_ENV4_TSK0,993,no_sensors,256.0
chg_env,ED1_AS1_ENV4_TSK0,993,no_signals,61.78
chg_env,ED1_AS1_ENV4_TSK0,994,fdom,256.0
chg_env,ED1_AS1_ENV4_TSK0,994,no_sensors,256.0
chg_env,ED1_AS1_ENV4_TSK0,994,no_signals,65.89
chg_env,ED1_AS1_ENV4_TSK0,995,fdom,256.0
chg_env,ED1_AS1_ENV4_TSK0,995,no_sensors,256.0
chg_env,ED1_AS1_ENV4_TSK0,995,no_signals,62.03
chg_env,ED1_AS1_ENV4_TSK0,996,fdom,256.0
chg_env,ED1_AS1_ENV4_TSK0,996,no_sensors,256.0
chg_env,ED1_AS1_ENV4_TSK0,996,no_signals,64.83
chg_env,ED1_AS1_ENV4_TSK0,997,fdom,256.0
chg_env,ED1_AS1_ENV4_TSK0,997,no_sensors,256.0
chg_env,ED1_AS1_ENV4_TSK0,997,no_signals,64.18
chg_env,ED1_AS1_ENV4_TSK0,998,fdom,256.0
chg_env,ED1_AS1_ENV4_TSK0,998,no_sensors,256.0
chg_env,ED1_AS1_ENV4_TSK0,998,no_signals,63.28
chg_env,ED1_AS1_ENV4_TSK0,999,fdom,256.0
chg_env,ED1_AS1_ENV4_TSK0,999,no_sensors,256.0
chg_env,ED1_AS1_ENV4_TSK0,999,no_signals,66.23
chg_env,ED1_AS1_ENV8_TSK0,1001,fdom,256.0
chg_env,ED1_AS1_ENV8_TSK0,1001,no_sensors,256.0
chg_env,ED1_AS1_ENV8_TSK0,1001,no_signals,0.0
chg_env,ED1_AS1_ENV8_TSK0,1002,fdom,256.0
chg_env,ED1_AS1_ENV8_TSK0,1002,no_sensors,256.0
chg_env,ED1_AS1_ENV8_TSK0,1002,no_signals,0.0
chg_env,ED1_AS1_ENV8_TSK0,1003,fdom,256.0
chg_env,ED1_AS1_ENV8_TSK0,1003,no_sensors,256.0
chg_env,ED1_AS1_ENV8_TSK0,1003,no_signals,0.0
chg_env,ED1_AS1_ENV8_TSK0,1004,fdom,256.0
chg_env,ED1_AS1_ENV8_TSK0,1004,no_sensors,256.0
chg_env,ED1_AS1_ENV8_TSK0,1004,no_signals,0.0
chg_env,ED1_AS1_ENV8_TSK0,1005,fdom,256.0
chg_env,ED1_AS1_ENV8_TSK0,1005,no_sensors,256.0
chg_env,ED1_AS1_ENV8_TSK0,1005,no_signals,0.0
chg_env,ED1_AS1_ENV8_TSK0,1006,fdom,256.0
chg_env,ED1_AS1_ENV8_TSK0,1006,no_sensors,256.0
chg_env,ED1_AS1_ENV8_TSK0,1006,no_signals,0.0
chg_env,ED1_AS1_ENV8_TSK0,1007,fdom,256.0
chg_env,ED1_AS1_ENV8_TSK0,1007,no_sensors,256.0
chg_env,ED1_AS1_ENV8_TSK0,1007,no_signals,0.0
chg_env,ED1_AS1_ENV8_TSK0,1008,fdom,256.0
chg_env,ED1_AS1_ENV8_TSK0,1008,no_sensors,256.0
chg_env,ED1_AS1_ENV8_TSK0,1008,no_signals,0.0
chg_env,ED1_AS1_ENV8_TSK0,1009,fdom,256.0
chg_env,ED1_AS1_ENV8_TSK0,1009,no_sensors,256.0
chg_env,ED1_AS1_ENV8_TSK0,1009,no_signals,0.0
chg_env,ED1_AS1_ENV8_TSK0,1010,fdom,256.0
chg_env,ED1_AS1_ENV8_TSK0,1010,no_sensors,256.0
chg_env,ED1_AS1_ENV8_TSK0,1010,no_signals,0.0
chg_env,ED1_AS1_ENV8_TSK0,1011,fdom,256.0
chg_env,ED1_AS1_ENV8_TSK0,1011,no_sensors,256.0
chg_env,ED1_AS1_ENV8_TSK0,1011,no_signals,0.0
chg_env,ED1_AS1_ENV8_TSK0,1012,fdom,256.0
chg_env,ED1_AS1_ENV8_TSK0,1012,no_sensors,256.0
chg_env,ED1_AS1_ENV8_TSK0,1012,no_signals,0.0
chg_env,ED1_AS1_ENV8_TSK0,1013,fdom,256.0
chg_env,ED1_AS1_ENV8_TSK0,1013,no_sensors,256.0
chg_env,ED1_AS1_ENV8_TSK0,1013,no_signals,0.0
chg_env,ED1_AS1_ENV8_TSK0,1014,fdom,256.0
chg_env,ED1_AS1_ENV8_TSK0,1014,no_sensors,256.0
chg_env,ED1_AS1_ENV8_TSK0,1014,no_signals,0.0
chg_env,ED1_AS1_ENV8_TSK0,1015,fdom,256.0
chg_env,ED1_AS1_ENV8_TSK0,1015,no_sensors,256.0
chg_env,ED1_AS1_ENV8_TSK0,1015,no_signals,0.0
chg_env,ED1_AS1_ENV8_TSK0,1016,fdom,256.0
chg_env,ED1_AS1_ENV8_TSK0,1016,no_sensors,256.0
chg_env,ED1_AS1_ENV8_TSK0,1016,no_signals,0.0
chg_env,ED1_AS1_ENV8_TSK0,1017,fdom,256.0
chg_env,ED1_AS1_ENV8_TSK0,1017,no_sensors,256.0
chg_env,ED1_AS1_ENV8_TSK0,1017,no_signals,0.0
chg_env,ED1_AS1_ENV8_TSK0,1018,fdom,256.0
chg_env,ED1_AS1_ENV8_TSK0,1018,no_sensors,256.0
chg_env,ED1_AS1_ENV8_TSK0,1018,no_signals,0.0
chg_env,ED1_AS1_ENV8_TSK0,1019,fdom,256.0
chg_env,ED1_AS1_ENV8_TSK0,1019,no_sensors,256.0
chg_env,ED1_AS1_ENV8_TSK0,1019,no_signals,0.0
chg_env,ED1_AS1_ENV8_TSK0,1020,fdom,256.0
chg_env,ED1_AS1_ENV8_TSK0,1020,no_sensors,256.0
chg_env,ED1_AS1_ENV8_TSK0,1020,no_signals,0.0
chg_env,ED1_AS1_ENV8_TSK0,1021,fdom,256.0
chg_env,ED1_AS1_ENV8_TSK0,1021,no_sensors,256.0
chg_env,ED1_AS1_ENV8_TSK0,1021,no_signals,0.0
chg_env,ED1_AS1_ENV8_TSK0,1022,fdom,256.0
chg_env,ED1_AS1_ENV8_TSK0,1022,no_sensors,256.0
chg_env,ED1_AS1_ENV8_TSK0,1022,no_signals,0.0
chg_env,ED1_AS1_ENV8_TSK0,1023,fdom,256.0
chg_env,ED1_AS1_ENV8_TSK0,1023,no_sensors,256.0
chg_env,ED1_AS1_ENV8_TSK0,1023,no_signals,0.0
chg_env,ED1_AS1_ENV8_TSK0,1024,fdom,256.0
chg_env,ED1_AS1_ENV8_TSK0,1024,no_sensors,256.0
chg_env,ED1_AS1_ENV8_TSK0,1024,no_signals,0.0
chg_env,ED1_AS1_ENV8_TSK0,1025,fdom,256.0
chg_env,ED1_AS1_ENV8_TSK0,1025,no_sensors,256.0
chg_env,ED1_AS1_ENV8_TSK0,1025,no_signals,0.0
chg_env,ED1_AS1_ENV8_TSK0,1026,fdom,256.0
chg_env,ED1_AS1_ENV8_TSK0,1026,no_sensors,256.0
chg_env,ED1_AS1_ENV8_TSK0,1026,no_signals,0.0
chg_env,ED1_AS1_ENV8_TSK0,1027,fdom,256.0
chg_env,ED1_AS1_ENV8_TSK0,1027,no_sensors,256.0
chg_env,ED1_AS1_ENV8_TSK0,1027,no_signals,0.0
chg_env,ED1_AS1_ENV8_TSK0,1028,fdom,256.0
chg_env,ED1_AS1_ENV8_TSK0,1028,no_sensors,256.0
chg_env,ED1_AS1_ENV8_TSK0,1028,no_signals,0.0
chg_env,ED1_AS1_ENV8_TSK0,1029,fdom,256.0
chg_env,ED1_AS1_ENV8_TSK0,1029,no_sensors,256.0
chg_env,ED1_AS1_ENV8_TSK0,1029,no_signals,0.0
chg_env,ED1_AS1_ENV8_TSK0,1030,fdom,256.0
chg_env,ED1_AS1_ENV8_TSK0,1030,no_sensors,256.0
chg_env,ED1_AS1_ENV8_TSK0,1030,no_signals,0.0
chg_env,ED1_AS1_ENV8_TSK0,1031,fdom,256.0
chg_env,ED1_AS1_ENV8_TSK0,1031,no_sensors,256.0
chg_env,ED1_AS1_ENV8_TSK0,1031,no_signals,0.0
chg_env,ED1_AS1_ENV8_TSK0,1032,fdom,256.0
chg_env,ED1_AS1_ENV8_TSK0,1032,no_sensors,256.0
chg_env,ED1_AS1_ENV8_TSK0,1032,no_signals,0.0
chg_env,ED1_AS1_ENV8_TSK0,1033,fdom,256.0
chg_env,ED1_AS1_ENV8_TSK0,1033,no_sensors,256.0
chg_env,ED1_AS1_ENV8_TSK0,1033,no_signals,0.0
chg_env,ED1_AS1_ENV8_TSK0,1034,fdom,256.0
chg_env,ED1_AS1_ENV8_TSK0,1034,no_sensors,256.0
chg_env,ED1_AS1_ENV8_TSK0,1034,no_signals,0.0
chg_env,ED1_AS1_ENV8_TSK0,1035,fdom,256.0
chg_env,ED1_AS1_ENV8_TSK0,1035,no_sensors,256.0
chg_env,ED1_AS1_ENV8_TSK0,1035,no_signals,0.0
chg_env,ED1_AS1_ENV8_TSK0,1036,fdom,256.0
chg_env,ED1_AS1_ENV8_TSK0,1036,no_sensors,256.0
chg_env,ED1_AS1_ENV8_TSK0,1036,no_signals,0.0
chg_env,ED1_AS1_ENV8_TSK0,1037,fdom,256.0
chg_env,ED1_AS1_ENV8_TSK0,1037,no_sensors,256.0
chg_env,ED1_AS1_ENV8_TSK0,1037,no_signals,0.0
chg_env,ED1_AS1_ENV8_TSK0,1038,fdom,256.0
chg_env,ED1_AS1_ENV8_TSK0,1038,no_sensors,256.0
chg_env,ED1_AS1_ENV8_TSK0,1038,no_signals,0.0
chg_env,ED1_AS1_ENV8_TSK0,1039,fdom,256.0
chg_env,ED1_AS1_ENV8_TSK0,1039,no_sensors,256.0
chg_env,ED1_AS1_ENV8_TSK0,1039,no_signals,0.0
chg_env,ED1_AS1_ENV8_TSK0,1040,fdom,256.0
chg_env,ED1_AS1_ENV8_TSK0,1040,no_sensors,256.0
chg_env,ED1_AS1_ENV8_TSK0,1040,no_signals,0.0
chg_env,ED1_AS1_ENV8_TSK0,1041,fdom,256.0
chg_env,ED1_AS1_ENV8_TSK0,1041,no_sensors,256.0
chg_env,ED1_AS1_ENV8_TSK0,1041,no_signals,0.0
chg_env,ED1_AS1_ENV8_TSK0,1042,fdom,256.0
chg_env,ED1_AS1_ENV8_TSK0,1042,no_sensors,256.0
chg_env,ED1_AS1_ENV8_TSK0,1042,no_signals,0.0
chg_env,ED1_AS1_ENV8_TSK0,1043,fdom,256.0
chg_env,ED1_AS1_ENV8_TSK0,1043,no_sensors,256.0
chg_env,ED1_AS1_ENV8_TSK0,1043,no_signals,0.0
chg_env,ED1_AS1_ENV8_TSK0,1044,fdom,256.0
chg_env,ED1_AS1_ENV8_TSK0,1044,no_sensors,256.0
chg_env,ED1_AS1_ENV8_TSK0,1044,no_signals,0.0
chg_env,ED1_AS1_ENV8_TSK0,1045,fdom,256.0
chg_env,ED1_AS1_ENV8_TSK0,1045,no_sensors,256.0
chg_env,ED1_AS1_ENV8_TSK0,1045,no_signals,0.0
chg_env,ED1_AS1_ENV8_TSK0,1046,fdom,256.0
chg_env,ED1_AS1_ENV8_TSK0,1046,no_sensors,256.0
chg_env,ED1_AS1_ENV8_TSK0,1046,no_signals,0.0
chg_env,ED1_AS1_ENV8_TSK0,1047,fdom,256.0
chg_env,ED1_AS1_ENV8_TSK0,1047,no_sensors,256.0
chg_env,ED1_AS1_ENV8_TSK0,1047,no_signals,0.0
chg_env,ED1_AS1_ENV8_TSK0,1048,fdom,256.0
chg_env,ED1_AS1_ENV8_TSK0,1048,no_sensors,256.0
chg_env,ED1_AS1_ENV8_TSK0,1048,no_signals,0.0
chg_env,ED1_AS1_ENV8_TSK0,1049,fdom,256.0
chg_env,ED1_AS1_ENV8_TSK0,1049,no_sensors,256.0
chg_env,ED1_AS1_ENV8_TSK0,1049,no_signals,0.0
chg_env,ED1_AS1_ENV8_TSK0,1050,fdom,256.0
chg_env,ED1_AS1_ENV8_TSK0,1050,no_sensors,256.0
chg_env,ED1_AS1_ENV8_TSK0,1050,no_signals,0.0
chg_env,ED1_AS1_ENV8_TSK0,1051,fdom,256.0
chg_env,ED1_AS1_ENV8_TSK0,1051,no_sensors,256.0
chg_env,ED1_AS1_ENV8_TSK0,1051,no_signals,0.0
chg_env,ED1_AS1_ENV8_TSK0,1052,fdom,242.14
chg_env,ED1_AS1_ENV8_TSK0,1052,no_sensors,242.14
chg_env,ED1_AS1_ENV8_TSK0,1052,no_signals,0.0
chg_env,ED1_AS1_ENV8_TSK0,1053,fdom,256.0
chg_env,ED1_AS1_ENV8_TSK0,1053,no_sensors,256.0
chg_env,ED1_AS1_ENV8_TSK0,1053,no_signals,0.0
chg_env,ED1_AS1_ENV8_TSK0,1054,fdom,256.0
chg_env,ED1_AS1_ENV8_TSK0,1054,no_sensors,256.0
chg_env,ED1_AS1_ENV8_TSK0,1054,no_signals,0.0
chg_env,ED1_AS1_ENV8_TSK0,1055,fdom,256.0
chg_env,ED1_AS1_ENV8_TSK0,1055,no_sensors,256.0
chg_env,ED1_AS1_ENV8_TSK0,1055,no_signals,0.0
chg_env,ED1_AS1_ENV8_TSK0,1056,fdom,256.0
chg_env,ED1_AS1_ENV8_TSK0,1056,no_sensors,256.0
chg_env,ED1_AS1_ENV8_TSK0,1056,no_signals,0.0
chg_env,ED1_AS1_ENV8_TSK0,1057,fdom,256.0
chg_env,ED1_AS1_ENV8_TSK0,1057,no_sensors,256.0
chg_env,ED1_AS1_ENV8_TSK0,1057,no_signals,0.0
chg_env,ED1_AS1_ENV8_TSK0,1058,fdom,256.0
chg_env,ED1_AS1_ENV8_TSK0,1058,no_sensors,256.0
chg_env,ED1_AS1_ENV8_TSK0,1058,no_signals,0.0
chg_env,ED1_AS1_ENV8_TSK0,1059,fdom,256.0
chg_env,ED1_AS1_ENV8_TSK0,1059,no_sensors,256.0
chg_env,ED1_AS1_ENV8_TSK0,1059,no_signals,0.0
chg_env,ED1_AS1_ENV8_TSK0,1060,fdom,256.0
chg_env,ED1_AS1_ENV8_TSK0,1060,no_sensors,256.0
chg_env,ED1_AS1_ENV8_TSK0,1060,no_signals,0.0
chg_env,ED1_AS1_ENV8_TSK0,1061,fdom,256.0
chg_env,ED1_AS1_ENV8_TSK0,1061,no_sensors,256.0
chg_env,ED1_AS1_ENV8_TSK0,1061,no_signals,0.0
chg_env,ED1_AS1_ENV8_TSK0,1062,fdom,256.0
chg_env,ED1_AS1_ENV8_TSK0,1062,no_sensors,256.0
chg_env,ED1_AS1_ENV8_TSK0,1062,no_signals,0.0
chg_env,ED1_AS1_ENV8_TSK0,1063,fdom,256.0
chg_env,ED1_AS1_ENV8_TSK0,1063,no_sensors,256.0
chg_env,ED1_AS1_ENV8_TSK0,1063,no_signals,0.0
chg_env,ED1_AS1_ENV8_TSK0,1064,fdom,256.0
chg_env,ED1_AS1_ENV8_TSK0,1064,no_sensors,256.0
chg_env,ED1_AS1_ENV8_TSK0,1064,no_signals,0.0
chg_env,ED1_AS1_ENV8_TSK0,1065,fdom,256.0
chg_env,ED1_AS1_ENV8_TSK0,1065,no_sensors,256.0
chg_env,ED1_AS1_ENV8_TSK0,1065,no_signals,0.0
chg_env,ED1_AS1_ENV8_TSK0,1066,fdom,256.0
chg_env,ED1_AS1_ENV8_TSK0,1066,no_sensors,256.0
chg_env,ED1_AS1_ENV8_TSK0,1066,no_signals,0.0
chg_env,ED1_AS1_ENV8_TSK0,1067,fdom,256.0
chg_env,ED1_AS1_ENV8_TSK0,1067,no_sensors,256.0
chg_env,ED1_AS1_ENV8_TSK0,1067,no_signals,0.0
chg_env,ED1_AS1_ENV8_TSK0,1068,fdom,256.0
chg_env,ED1_AS1_ENV8_TSK0,1068,no_sensors,256.0
chg_env,ED1_AS1_ENV8_TSK0,1068,no_signals,0.0
chg_env,ED1_AS1_ENV8_TSK0,1069,fdom,256.0
chg_env,ED1_AS1_ENV8_TSK0,1069,no_sensors,256.0
chg_env,ED1_AS1_ENV8_TSK0,1069,no_signals,0.0
chg_env,ED1_AS1_ENV8_TSK0,1070,fdom,256.0
chg_env,ED1_AS1_ENV8_TSK0,1070,no_sensors,256.0
chg_env,ED1_AS1_ENV8_TSK0,1070,no_signals,0.0
chg_env,ED1_AS1_ENV8_TSK0,1071,fdom,256.0
chg_env,ED1_AS1_ENV8_TSK0,1071,no_sensors,256.0
chg_env,ED1_AS1_ENV8_TSK0,1071,no_signals,0.0
chg_env,ED1_AS1_ENV8_TSK0,1072,fdom,256.0
chg_env,ED1_AS1_ENV8_TSK0,1072,no_sensors,256.0
chg_env,ED1_AS1_ENV8_TSK0,1072,no_signals,0.0
chg_env,ED1_AS1_ENV8_TSK0,1073,fdom,256.0
chg_env,ED1_AS1_ENV8_TSK0,1073,no_sensors,256.0
chg_env,ED1_AS1_ENV8_TSK0,1073,no_signals,0.0
chg_env,ED1_AS1_ENV8_TSK0,1074,fdom,256.0
chg_env,ED1_AS1_ENV8_TSK0,1074,no_sensors,256.0
chg_env,ED1_AS1_ENV8_TSK0,1074,no_signals,0.0
chg_env,ED1_AS1_ENV8_TSK0,1075,fdom,256.0
chg_env,ED1_AS1_ENV8_TSK0,1075,no_sensors,256.0
chg_env,ED1_AS1_ENV8_TSK0,1075,no_signals,0.0
chg_env,ED1_AS1_ENV8_TSK0,1076,fdom,256.0
chg_env,ED1_AS1_ENV8_TSK0,1076,no_sensors,256.0
chg_env,ED1_AS1_ENV8_TSK0,1076,no_signals,0.0
chg_env,ED1_AS1_ENV8_TSK0,1077,fdom,256.0
chg_env,ED1_AS1_ENV8_TSK0,1077,no_sensors,256.0
chg_env,ED1_AS1_ENV8_TSK0,1077,no_signals,0.0
chg_env,ED1_AS1_ENV8_TSK0,1078,fdom,256.0
chg_env,ED1_AS1_ENV8_TSK0,1078,no_sensors,256.0
chg_env,ED1_AS1_ENV8_TSK0,1078,no_signals,0.0
chg_env,ED1_AS1_ENV8_TSK0,1079,fdom,256.0
chg_env,ED1_AS1_ENV8_TSK0,1079,no_sensors,256.0
chg_env,ED1_AS1_ENV8_TSK0,1079,no_signals,0.0
chg_env,ED1_AS1_ENV8_TSK0,1080,fdom,256.0
chg_env,ED1_AS1_ENV8_TSK0,1080,no_sensors,256.0
chg_env,ED1_AS1_ENV8_TSK0,1080,no_signals,0.0
chg_env,ED1_AS1_ENV8_TSK0,1081,fdom,256.0
chg_env,ED1_AS1_ENV8_TSK0,1081,no_sensors,256.0
chg_env,ED1_AS1_ENV8_TSK0,1081,no_signals,0.0
chg_env,ED1_AS1_ENV8_TSK0,1082,fdom,256.0
chg_env,ED1_AS1_ENV8_TSK0,1082,no_sensors,256.0
chg_env,ED1_AS1_ENV8_TSK0,1082,no_signals,0.0
chg_env,ED1_AS1_ENV8_TSK0,1083,fdom,256.0
chg_env,ED1_AS1_ENV8_TSK0,1083,no_sensors,256.0
chg_env,ED1_AS1_ENV8_TSK0,1083,no_signals,0.0
chg_env,ED1_AS1_ENV8_TSK0,1084,fdom,256.0
chg_env,ED1_AS1_ENV8_TSK0,1084,no_sensors,256.0
chg_env,ED1_AS1_ENV8_TSK0,1084,no_signals,0.0
chg_env,ED1_AS1_ENV8_TSK0,1085,fdom,256.0
chg_env,ED1_AS1_ENV8_TSK0,1085,no_sensors,256.0
chg_env,ED1_AS1_ENV8_TSK0,1085,no_signals,0.0
chg_env,ED1_AS1_ENV8_TSK0,1086,fdom,256.0
chg_env,ED1_AS1_ENV8_TSK0,1086,no_sensors,256.0
chg_env,ED1_AS1_ENV8_TSK0,1086,no_signals,0.0
chg_env,ED1_AS1_ENV8_TSK0,1087,fdom,256.0
chg_env,ED1_AS1_ENV8_TSK0,1087,no_sensors,256.0
chg_env,ED1_AS1_ENV8_TSK0,1087,no_signals,0.0
chg_env,ED1_AS1_ENV8_TSK0,1088,fdom,256.0
chg_env,ED1_AS1_ENV8_TSK0,1088,no_sensors,256.0
chg_env,ED1_AS1_ENV8_TSK0,1088,no_signals,0.0
chg_env,ED1_AS1_ENV8_TSK0,1089,fdom,256.0
chg_env,ED1_AS1_ENV8_TSK0,1089,no_sensors,256.0
chg_env,ED1_AS1_ENV8_TSK0,1089,no_signals,0.0
chg_env,ED1_AS1_ENV8_TSK0,1090,fdom,256.0
chg_env,ED1_AS1_ENV8_TSK0,1090,no_sensors,256.0
chg_env,ED1_AS1_ENV8_TSK0,1090,no_signals,0.0
chg_env,ED1_AS1_ENV8_TSK0,1091,fdom,256.0
chg_env,ED1_AS1_ENV8_TSK0,1091,no_sensors,256.0
chg_env,ED1_AS1_ENV8_TSK0,1091,no_signals,0.0
chg_env,ED1_AS1_ENV8_TSK0,1092,fdom,256.0
chg_env,ED1_AS1_ENV8_TSK0,1092,no_sensors,256.0
chg_env,ED1_AS1_ENV8_TSK0,1092,no_signals,0.0
chg_env,ED1_AS1_ENV8_TSK0,1093,fdom,256.0
chg_env,ED1_AS1_ENV8_TSK0,1093,no_sensors,256.0
chg_env,ED1_AS1_ENV8_TSK0,1093,no_signals,0.0
chg_env,ED1_AS1_ENV8_TSK0,1094,fdom,256.0
chg_env,ED1_AS1_ENV8_TSK0,1094,no_sensors,256.0
chg_env,ED1_AS1_ENV8_TSK0,1094,no_signals,0.0
chg_env,ED1_AS1_ENV8_TSK0,1095,fdom,256.0
chg_env,ED1_AS1_ENV8_TSK0,1095,no_sensors,256.0
chg_env,ED1_AS1_ENV8_TSK0,1095,no_signals,0.0
chg_env,ED1_AS1_ENV8_TSK0,1096,fdom,256.0
chg_env,ED1_AS1_ENV8_TSK0,1096,no_sensors,256.0
chg_env,ED1_AS1_ENV8_TSK0,1096,no_signals,0.0
chg_env,ED1_AS1_ENV8_TSK0,1097,fdom,256.0
chg_env,ED1_AS1_ENV8_TSK0,1097,no_sensors,256.0
chg_env,ED1_AS1_ENV8_TSK0,1097,no_signals,30.88
chg_env,ED1_AS1_ENV8_TSK0,1098,fdom,256.0
chg_env,ED1_AS1_ENV8_TSK0,1098,no_sensors,256.0
chg_env,ED1_AS1_ENV8_TSK0,1098,no_signals,0.0
chg_env,ED1_AS1_ENV8_TSK0,1099,fdom,229.91
chg_env,ED1_AS1_ENV8_TSK0,1099,no_sensors,229.91
chg_env,ED1_AS1_ENV8_TSK0,1099,no_signals,0.0
chg_env,ED1_AS1_ENV8_TSK0,1100,fdom,256.0
chg_env,ED1_AS1_ENV8_TSK0,1100,no_sensors,256.0
chg_env,ED1_AS1_ENV8_TSK0,1100,no_signals,0.0
